subject,skill,diff,text,A,B,C,D,ans,explain,hint1,hint2,hint3
Toán 9,alg_root,1,Rút gọn: √36,5,36,7,6,D,"√(k²)=|k|, với k=6>0 ⇒ 6.",Nhớ: √(a²)=|a|.,Ở đây k>0 nên |k|=k.,Kết luận.
Toán 9,alg_root,1,Rút gọn: √49,49,6,8,7,D,"√(k²)=|k|, với k=7>0 ⇒ 7.",Nhớ: √(a²)=|a|.,Ở đây k>0 nên |k|=k.,Kết luận.
Toán 9,alg_root,1,Rút gọn: √9,9,4,2,3,D,"√(k²)=|k|, với k=3>0 ⇒ 3.",Nhớ: √(a²)=|a|.,Ở đây k>0 nên |k|=k.,Kết luận.
Toán 9,alg_root,1,Rút gọn: √4,2,1,3,4,A,"√(k²)=|k|, với k=2>0 ⇒ 2.",Nhớ: √(a²)=|a|.,Ở đây k>0 nên |k|=k.,Kết luận.
Toán 9,alg_root,1,Rút gọn: √5184,5184,71,72,73,C,"√(k²)=|k|, với k=72>0 ⇒ 72.",Nhớ: √(a²)=|a|.,Ở đây k>0 nên |k|=k.,Kết luận.
Toán 9,alg_root,1,Rút gọn: √400,400,19,20,21,C,"√(k²)=|k|, với k=20>0 ⇒ 20.",Nhớ: √(a²)=|a|.,Ở đây k>0 nên |k|=k.,Kết luận.
Toán 9,alg_root,1,Rút gọn: √400,21,400,19,20,D,"√(k²)=|k|, với k=20>0 ⇒ 20.",Nhớ: √(a²)=|a|.,Ở đây k>0 nên |k|=k.,Kết luận.
Toán 9,alg_root,2,Rút gọn: √576,23,576,24,25,C,"√(k²)=|k|, với k=24>0 ⇒ 24.",Nhớ: √(a²)=|a|.,Ở đây k>0 nên |k|=k.,Kết luận.
Toán 9,alg_root,2,Rút gọn: √729,26,729,28,27,D,"√(k²)=|k|, với k=27>0 ⇒ 27.",Nhớ: √(a²)=|a|.,Ở đây k>0 nên |k|=k.,Kết luận.
Toán 9,alg_root,2,Rút gọn: √576,23,24,25,576,B,"√(k²)=|k|, với k=24>0 ⇒ 24.",Nhớ: √(a²)=|a|.,Ở đây k>0 nên |k|=k.,Kết luận.
Toán 9,alg_root,2,Rút gọn: √144,144,11,12,13,C,"√(k²)=|k|, với k=12>0 ⇒ 12.",Nhớ: √(a²)=|a|.,Ở đây k>0 nên |k|=k.,Kết luận.
Toán 9,alg_root,2,Rút gọn: √729,27,26,729,28,A,"√(k²)=|k|, với k=27>0 ⇒ 27.",Nhớ: √(a²)=|a|.,Ở đây k>0 nên |k|=k.,Kết luận.
Toán 9,alg_root,2,Rút gọn: √576,24,23,25,576,A,"√(k²)=|k|, với k=24>0 ⇒ 24.",Nhớ: √(a²)=|a|.,Ở đây k>0 nên |k|=k.,Kết luận.
Toán 9,alg_root,2,Rút gọn: √25,4,5,6,25,B,"√(k²)=|k|, với k=5>0 ⇒ 5.",Nhớ: √(a²)=|a|.,Ở đây k>0 nên |k|=k.,Kết luận.
Toán 9,alg_root,3,Rút gọn: √729,729,27,26,28,B,"√(k²)=|k|, với k=27>0 ⇒ 27.",Nhớ: √(a²)=|a|.,Ở đây k>0 nên |k|=k.,Kết luận.
Toán 9,alg_root,3,Rút gọn: √9,4,2,3,9,C,"√(k²)=|k|, với k=3>0 ⇒ 3.",Nhớ: √(a²)=|a|.,Ở đây k>0 nên |k|=k.,Kết luận.
Toán 9,alg_root,3,Rút gọn: √25,5,4,6,25,A,"√(k²)=|k|, với k=5>0 ⇒ 5.",Nhớ: √(a²)=|a|.,Ở đây k>0 nên |k|=k.,Kết luận.
Toán 9,alg_root,3,Rút gọn: √2025,45,2025,46,44,A,"√(k²)=|k|, với k=45>0 ⇒ 45.",Nhớ: √(a²)=|a|.,Ở đây k>0 nên |k|=k.,Kết luận.
Toán 9,alg_root,3,Rút gọn: √49,7,6,8,49,A,"√(k²)=|k|, với k=7>0 ⇒ 7.",Nhớ: √(a²)=|a|.,Ở đây k>0 nên |k|=k.,Kết luận.
Toán 9,alg_root,3,Rút gọn: √784,29,28,784,27,B,"√(k²)=|k|, với k=28>0 ⇒ 28.",Nhớ: √(a²)=|a|.,Ở đây k>0 nên |k|=k.,Kết luận.
Toán 9,alg_poly,1,Khai triển: (4x + 9)² bằng,16x² + 36x + 81,4x² + 72x + 81,16x² + 72x + 81,16x² - 72x + 81,C,(ax+b)² = a²x² + 2abx + b².,Dùng hằng đẳng thức (u+v)².,"u=ax, v=b.",Tính 2uv.
Toán 9,alg_poly,1,Khai triển: (4x + 3)² bằng,16x² + 12x + 9,16x² + 24x + 9,4x² + 24x + 9,16x² - 24x + 9,B,(ax+b)² = a²x² + 2abx + b².,Dùng hằng đẳng thức (u+v)².,"u=ax, v=b.",Tính 2uv.
Toán 9,alg_poly,1,Khai triển: (9x + 9)² bằng,81x² + 81x + 81,81x² + 162x + 81,81x² - 162x + 81,9x² + 162x + 81,B,(ax+b)² = a²x² + 2abx + b².,Dùng hằng đẳng thức (u+v)².,"u=ax, v=b.",Tính 2uv.
Toán 9,alg_poly,1,Khai triển: (3x + 9)² bằng,9x² + 54x + 81,9x² + 27x + 81,9x² - 54x + 81,3x² + 54x + 81,A,(ax+b)² = a²x² + 2abx + b².,Dùng hằng đẳng thức (u+v)².,"u=ax, v=b.",Tính 2uv.
Toán 9,alg_poly,1,Khai triển: (8x + 3)² bằng,8x² + 48x + 9,64x² + 24x + 9,64x² + 48x + 9,64x² - 48x + 9,C,(ax+b)² = a²x² + 2abx + b².,Dùng hằng đẳng thức (u+v)².,"u=ax, v=b.",Tính 2uv.
Toán 9,alg_poly,1,Khai triển: (4x + 9)² bằng,16x² - 72x + 81,16x² + 36x + 81,4x² + 72x + 81,16x² + 72x + 81,D,(ax+b)² = a²x² + 2abx + b².,Dùng hằng đẳng thức (u+v)².,"u=ax, v=b.",Tính 2uv.
Toán 9,alg_poly,1,Khai triển: (5x + 3)² bằng,25x² + 15x + 9,25x² - 30x + 9,25x² + 30x + 9,5x² + 30x + 9,C,(ax+b)² = a²x² + 2abx + b².,Dùng hằng đẳng thức (u+v)².,"u=ax, v=b.",Tính 2uv.
Toán 9,alg_poly,2,Khai triển: (9x + 1)² bằng,81x² - 18x + 1,9x² + 18x + 1,81x² + 9x + 1,81x² + 18x + 1,D,(ax+b)² = a²x² + 2abx + b².,Dùng hằng đẳng thức (u+v)².,"u=ax, v=b.",Tính 2uv.
Toán 9,alg_poly,2,Khai triển: (5x + 2)² bằng,25x² - 20x + 4,25x² + 10x + 4,5x² + 20x + 4,25x² + 20x + 4,D,(ax+b)² = a²x² + 2abx + b².,Dùng hằng đẳng thức (u+v)².,"u=ax, v=b.",Tính 2uv.
Toán 9,alg_poly,2,Khai triển: (4x + 3)² bằng,16x² + 12x + 9,16x² + 24x + 9,4x² + 24x + 9,16x² - 24x + 9,B,(ax+b)² = a²x² + 2abx + b².,Dùng hằng đẳng thức (u+v)².,"u=ax, v=b.",Tính 2uv.
Toán 9,alg_poly,2,Khai triển: (8x + 4)² bằng,64x² + 64x + 16,64x² - 64x + 16,8x² + 64x + 16,64x² + 32x + 16,A,(ax+b)² = a²x² + 2abx + b².,Dùng hằng đẳng thức (u+v)².,"u=ax, v=b.",Tính 2uv.
Toán 9,alg_poly,2,Khai triển: (7x + 8)² bằng,49x² + 56x + 64,7x² + 112x + 64,49x² + 112x + 64,49x² - 112x + 64,C,(ax+b)² = a²x² + 2abx + b².,Dùng hằng đẳng thức (u+v)².,"u=ax, v=b.",Tính 2uv.
Toán 9,alg_poly,2,Khai triển: (7x + 1)² bằng,49x² - 14x + 1,49x² + 14x + 1,7x² + 14x + 1,49x² + 7x + 1,B,(ax+b)² = a²x² + 2abx + b².,Dùng hằng đẳng thức (u+v)².,"u=ax, v=b.",Tính 2uv.
Toán 9,alg_poly,2,Khai triển: (2x + 4)² bằng,2x² + 16x + 16,4x² + 8x + 16,4x² - 16x + 16,4x² + 16x + 16,D,(ax+b)² = a²x² + 2abx + b².,Dùng hằng đẳng thức (u+v)².,"u=ax, v=b.",Tính 2uv.
Toán 9,alg_poly,3,Khai triển: (5x + 5)² bằng,25x² + 25x + 25,5x² + 50x + 25,25x² + 50x + 25,25x² - 50x + 25,C,(ax+b)² = a²x² + 2abx + b².,Dùng hằng đẳng thức (u+v)².,"u=ax, v=b.",Tính 2uv.
Toán 9,alg_poly,3,Khai triển: (9x + 4)² bằng,9x² + 72x + 16,81x² + 72x + 16,81x² + 36x + 16,81x² - 72x + 16,B,(ax+b)² = a²x² + 2abx + b².,Dùng hằng đẳng thức (u+v)².,"u=ax, v=b.",Tính 2uv.
Toán 9,alg_poly,3,Khai triển: (8x + 6)² bằng,64x² + 96x + 36,8x² + 96x + 36,64x² + 48x + 36,64x² - 96x + 36,A,(ax+b)² = a²x² + 2abx + b².,Dùng hằng đẳng thức (u+v)².,"u=ax, v=b.",Tính 2uv.
Toán 9,alg_poly,3,Khai triển: (2x + 2)² bằng,4x² - 8x + 4,2x² + 8x + 4,4x² + 4x + 4,4x² + 8x + 4,D,(ax+b)² = a²x² + 2abx + b².,Dùng hằng đẳng thức (u+v)².,"u=ax, v=b.",Tính 2uv.
Toán 9,alg_poly,3,Khai triển: (3x + 4)² bằng,3x² + 24x + 16,9x² - 24x + 16,9x² + 24x + 16,9x² + 12x + 16,C,(ax+b)² = a²x² + 2abx + b².,Dùng hằng đẳng thức (u+v)².,"u=ax, v=b.",Tính 2uv.
Toán 9,alg_poly,3,Khai triển: (4x + 5)² bằng,16x² + 20x + 25,4x² + 40x + 25,16x² + 40x + 25,16x² - 40x + 25,C,(ax+b)² = a²x² + 2abx + b².,Dùng hằng đẳng thức (u+v)².,"u=ax, v=b.",Tính 2uv.
Toán 9,alg_linear_eq,1,Giải phương trình: 3x + (24) = 0,-7,-9,-6,-8,D,3x = -24 ⇒ x = -24/3 = -8.,Chuyển hằng số sang vế phải.,Chia cả hai vế cho hệ số của x.,Kiểm tra lại bằng thế vào phương trình.
Toán 9,alg_linear_eq,1,Giải phương trình: 9x + (-54) = 0,5,6,8,7,B,9x = 54 ⇒ x = 54/9 = 6.,Chuyển hằng số sang vế phải.,Chia cả hai vế cho hệ số của x.,Kiểm tra lại bằng thế vào phương trình.
Toán 9,alg_linear_eq,1,Giải phương trình: 2x + (-6) = 0,3,5,4,2,A,2x = 6 ⇒ x = 6/2 = 3.,Chuyển hằng số sang vế phải.,Chia cả hai vế cho hệ số của x.,Kiểm tra lại bằng thế vào phương trình.
Toán 9,alg_linear_eq,1,Giải phương trình: 9x + (45) = 0,-6,-5,-3,-4,B,9x = -45 ⇒ x = -45/9 = -5.,Chuyển hằng số sang vế phải.,Chia cả hai vế cho hệ số của x.,Kiểm tra lại bằng thế vào phương trình.
Toán 9,alg_linear_eq,1,Giải phương trình: 2x + (-2) = 0,0,2,3,1,D,2x = 2 ⇒ x = 2/2 = 1.,Chuyển hằng số sang vế phải.,Chia cả hai vế cho hệ số của x.,Kiểm tra lại bằng thế vào phương trình.
Toán 9,alg_linear_eq,1,Giải phương trình: 4x + (32) = 0,-7,-9,-6,-8,D,4x = -32 ⇒ x = -32/4 = -8.,Chuyển hằng số sang vế phải.,Chia cả hai vế cho hệ số của x.,Kiểm tra lại bằng thế vào phương trình.
Toán 9,alg_linear_eq,1,Giải phương trình: 5x + (-15) = 0,4,5,2,3,D,5x = 15 ⇒ x = 15/5 = 3.,Chuyển hằng số sang vế phải.,Chia cả hai vế cho hệ số của x.,Kiểm tra lại bằng thế vào phương trình.
Toán 9,alg_linear_eq,2,Giải phương trình: 2x + 9 = -1,-5,-4,-6,5,A,2x = -1-9 = -10 ⇒ x = -5.,Đưa {b} sang vế phải: {a}x = {c}-{b}.,Tính vế phải.,Chia cho {a}.
Toán 9,alg_linear_eq,2,Giải phương trình: 5x + 0 = -15,3,-3,-2,-4,B,5x = -15-0 = -15 ⇒ x = -3.,Đưa {b} sang vế phải: {a}x = {c}-{b}.,Tính vế phải.,Chia cho {a}.
Toán 9,alg_linear_eq,2,Giải phương trình: 6x + 4 = -2,-2,0,1,-1,D,6x = -2-4 = -6 ⇒ x = -1.,Đưa {b} sang vế phải: {a}x = {c}-{b}.,Tính vế phải.,Chia cho {a}.
Toán 9,alg_linear_eq,2,Giải phương trình: 3x + -8 = -2,2,-2,1,3,A,3x = -2--8 = 6 ⇒ x = 2.,Đưa {b} sang vế phải: {a}x = {c}-{b}.,Tính vế phải.,Chia cho {a}.
Toán 9,alg_linear_eq,2,Giải phương trình: 7x + -8 = -29,3,-3,-2,-4,B,7x = -29--8 = -21 ⇒ x = -3.,Đưa {b} sang vế phải: {a}x = {c}-{b}.,Tính vế phải.,Chia cho {a}.
Toán 9,alg_linear_eq,2,Giải phương trình: 6x + 9 = 45,-6,7,5,6,D,6x = 45-9 = 36 ⇒ x = 6.,Đưa {b} sang vế phải: {a}x = {c}-{b}.,Tính vế phải.,Chia cho {a}.
Toán 9,alg_linear_eq,2,Giải phương trình: 3x + -6 = -12,-1,-3,2,-2,D,3x = -12--6 = -6 ⇒ x = -2.,Đưa {b} sang vế phải: {a}x = {c}-{b}.,Tính vế phải.,Chia cho {a}.
Toán 9,alg_linear_eq,3,Giải phương trình: 6(x + -2) = 3x + -12,0,1,-1,-1,A,Khai triển: 6x + -12 = 3x + -12 ⇒ 3x = 0 ⇒ x = 0.,Khai triển vế trái: a(x+b)=ax+ab.,Chuyển các hạng tử chứa x về một vế.,Chia cho hệ số của x.
Toán 9,alg_linear_eq,3,Giải phương trình: 2(x + 5) = 2x + 10,6,-6,5,4,C,Khai triển: 2x + 10 = 2x + 10 ⇒ 0x = 0 ⇒ x = 5.,Khai triển vế trái: a(x+b)=ax+ab.,Chuyển các hạng tử chứa x về một vế.,Chia cho hệ số của x.
Toán 9,alg_linear_eq,3,Giải phương trình: 3(x + 6) = 4x + 21,-2,-3,-4,2,B,Khai triển: 3x + 18 = 4x + 21 ⇒ -1x = 3 ⇒ x = -3.,Khai triển vế trái: a(x+b)=ax+ab.,Chuyển các hạng tử chứa x về một vế.,Chia cho hệ số của x.
Toán 9,alg_linear_eq,3,Giải phương trình: 3(x + 3) = 6x + 24,-6,-5,4,-4,B,Khai triển: 3x + 9 = 6x + 24 ⇒ -3x = 15 ⇒ x = -5.,Khai triển vế trái: a(x+b)=ax+ab.,Chuyển các hạng tử chứa x về một vế.,Chia cho hệ số của x.
Toán 9,alg_linear_eq,3,Giải phương trình: 4(x + -2) = 2x + -8,-1,0,-1,1,B,Khai triển: 4x + -8 = 2x + -8 ⇒ 2x = 0 ⇒ x = 0.,Khai triển vế trái: a(x+b)=ax+ab.,Chuyển các hạng tử chứa x về một vế.,Chia cho hệ số của x.
Toán 9,alg_linear_eq,3,Giải phương trình: 6(x + -4) = 5x + -20,-5,3,4,5,C,Khai triển: 6x + -24 = 5x + -20 ⇒ 1x = 4 ⇒ x = 4.,Khai triển vế trái: a(x+b)=ax+ab.,Chuyển các hạng tử chứa x về một vế.,Chia cho hệ số của x.
Toán 9,alg_inequality,1,Giải bất phương trình: 2x + 0 < -6,x > -3,x < -3,x ≤ -3,x ≥ -3,B,2x < -6-0 = -6 ⇒ x < -3.,Chuyển hằng số sang vế phải.,Chia hai vế cho số dương thì chiều không đổi.,Viết tập nghiệm theo dạng bất đẳng thức.
Toán 9,alg_inequality,1,Giải bất phương trình: 3x + -9 < -6,x > 1,x ≤ 1,x < 1,x ≥ 1,C,3x < -6--9 = 3 ⇒ x < 1.,Chuyển hằng số sang vế phải.,Chia hai vế cho số dương thì chiều không đổi.,Viết tập nghiệm theo dạng bất đẳng thức.
Toán 9,alg_inequality,1,Giải bất phương trình: 9x + -1 < -1,x ≥ 0,x ≤ 0,x < 0,x > 0,C,9x < -1--1 = 0 ⇒ x < 0.,Chuyển hằng số sang vế phải.,Chia hai vế cho số dương thì chiều không đổi.,Viết tập nghiệm theo dạng bất đẳng thức.
Toán 9,alg_inequality,1,Giải bất phương trình: 8x + -2 < -2,x ≥ 0,x ≤ 0,x > 0,x < 0,D,8x < -2--2 = 0 ⇒ x < 0.,Chuyển hằng số sang vế phải.,Chia hai vế cho số dương thì chiều không đổi.,Viết tập nghiệm theo dạng bất đẳng thức.
Toán 9,alg_inequality,1,Giải bất phương trình: 8x + 7 < 47,x > 5,x ≥ 5,x < 5,x ≤ 5,C,8x < 47-7 = 40 ⇒ x < 5.,Chuyển hằng số sang vế phải.,Chia hai vế cho số dương thì chiều không đổi.,Viết tập nghiệm theo dạng bất đẳng thức.
Toán 9,alg_inequality,1,Giải bất phương trình: 6x + 8 < -10,x > -3,x ≥ -3,x < -3,x ≤ -3,C,6x < -10-8 = -18 ⇒ x < -3.,Chuyển hằng số sang vế phải.,Chia hai vế cho số dương thì chiều không đổi.,Viết tập nghiệm theo dạng bất đẳng thức.
Toán 9,alg_inequality,1,Giải bất phương trình: 7x + 0 < 42,x > 6,x < 6,x ≤ 6,x ≥ 6,B,7x < 42-0 = 42 ⇒ x < 6.,Chuyển hằng số sang vế phải.,Chia hai vế cho số dương thì chiều không đổi.,Viết tập nghiệm theo dạng bất đẳng thức.
Toán 9,alg_inequality,2,Giải bất phương trình: 5x - -1 ≥ -31,x ≤ -6,x > -6,x ≥ -6,x < -6,C,5x ≥ -31+-1 = -30 ⇒ x ≥ -6.,Đưa -b sang vế phải: ax ≥ c + b.,Tính c + b.,Chia hai vế cho a > 0.
Toán 9,alg_inequality,2,Giải bất phương trình: 3x - 1 ≥ 10,x ≤ 3,x ≥ 3,x < 3,x > 3,B,3x ≥ 10+1 = 9 ⇒ x ≥ 3.,Đưa -b sang vế phải: ax ≥ c + b.,Tính c + b.,Chia hai vế cho a > 0.
Toán 9,alg_inequality,2,Giải bất phương trình: 6x - 7 ≥ -5,x ≥ -2,x > -2,x ≤ -2,x < -2,A,6x ≥ -5+7 = -12 ⇒ x ≥ -2.,Đưa -b sang vế phải: ax ≥ c + b.,Tính c + b.,Chia hai vế cho a > 0.
Toán 9,alg_inequality,2,Giải bất phương trình: 4x - -3 ≥ -3,x ≤ 0,x ≥ 0,x > 0,x < 0,B,4x ≥ -3+-3 = 0 ⇒ x ≥ 0.,Đưa -b sang vế phải: ax ≥ c + b.,Tính c + b.,Chia hai vế cho a > 0.
Toán 9,alg_inequality,2,Giải bất phương trình: 6x - 3 ≥ 15,x < 2,x > 2,x ≤ 2,x ≥ 2,D,6x ≥ 15+3 = 12 ⇒ x ≥ 2.,Đưa -b sang vế phải: ax ≥ c + b.,Tính c + b.,Chia hai vế cho a > 0.
Toán 9,alg_inequality,2,Giải bất phương trình: 7x - 5 ≥ 12,x ≤ 1,x ≥ 1,x > 1,x < 1,B,7x ≥ 12+5 = 7 ⇒ x ≥ 1.,Đưa -b sang vế phải: ax ≥ c + b.,Tính c + b.,Chia hai vế cho a > 0.
Toán 9,alg_inequality,2,Giải bất phương trình: 4x - -7 ≥ -15,x ≤ -2,x < -2,x ≥ -2,x > -2,C,4x ≥ -15+-7 = -8 ⇒ x ≥ -2.,Đưa -b sang vế phải: ax ≥ c + b.,Tính c + b.,Chia hai vế cho a > 0.
Toán 9,alg_inequality,3,Giải bất phương trình: -3x + -5 > -2,x > -1,x ≤ -1,x ≥ -1,x < -1,D,-3x > -2--5 = 3. Chia cho -3 (<0) nên đổi chiều ⇒ x < -1.,Chuyển b sang vế phải: ax > c-b.,Nhận xét a < 0 nên khi chia phải đổi chiều.,Kết luận nghiệm dạng x < ...
Toán 9,alg_inequality,3,Giải bất phương trình: -6x + 5 > 23,x > -3,x < -3,x ≤ -3,x ≥ -3,B,-6x > 23-5 = 18. Chia cho -6 (<0) nên đổi chiều ⇒ x < -3.,Chuyển b sang vế phải: ax > c-b.,Nhận xét a < 0 nên khi chia phải đổi chiều.,Kết luận nghiệm dạng x < ...
Toán 9,alg_inequality,3,Giải bất phương trình: -5x + 3 > -12,x ≥ 3,x ≤ 3,x < 3,x > 3,C,-5x > -12-3 = -15. Chia cho -5 (<0) nên đổi chiều ⇒ x < 3.,Chuyển b sang vế phải: ax > c-b.,Nhận xét a < 0 nên khi chia phải đổi chiều.,Kết luận nghiệm dạng x < ...
Toán 9,alg_inequality,3,Giải bất phương trình: -2x + -2 > -6,x < 2,x ≥ 2,x ≤ 2,x > 2,A,-2x > -6--2 = -4. Chia cho -2 (<0) nên đổi chiều ⇒ x < 2.,Chuyển b sang vế phải: ax > c-b.,Nhận xét a < 0 nên khi chia phải đổi chiều.,Kết luận nghiệm dạng x < ...
Toán 9,alg_inequality,3,Giải bất phương trình: -3x + 5 > 14,x < -3,x ≤ -3,x ≥ -3,x > -3,A,-3x > 14-5 = 9. Chia cho -3 (<0) nên đổi chiều ⇒ x < -3.,Chuyển b sang vế phải: ax > c-b.,Nhận xét a < 0 nên khi chia phải đổi chiều.,Kết luận nghiệm dạng x < ...
Toán 9,alg_inequality,3,Giải bất phương trình: -5x + 7 > -18,x < 5,x > 5,x ≤ 5,x ≥ 5,A,-5x > -18-7 = -25. Chia cho -5 (<0) nên đổi chiều ⇒ x < 5.,Chuyển b sang vế phải: ax > c-b.,Nhận xét a < 0 nên khi chia phải đổi chiều.,Kết luận nghiệm dạng x < ...
Toán 9,alg_system,1,Giải hệ: { 3x + 2y = 15;  3x + 5y = 24 }. Giá trị x bằng,3,3,4,2,A,"Thế/ cộng đại số để tìm x,y. (Hệ được tạo sao cho nghiệm nguyên).",Dùng phương pháp cộng đại số để khử y hoặc x.,Giải phương trình 1 ẩn thu được.,Thế lại để kiểm tra.
Toán 9,alg_system,1,Giải hệ: { 2x + 3y = -6;  3x + 3y = -9 }. Giá trị x bằng,0,-2,-4,-3,D,"Thế/ cộng đại số để tìm x,y. (Hệ được tạo sao cho nghiệm nguyên).",Dùng phương pháp cộng đại số để khử y hoặc x.,Giải phương trình 1 ẩn thu được.,Thế lại để kiểm tra.
Toán 9,alg_system,1,Giải hệ: { 1x + 4y = -6;  4x + 3y = -11 }. Giá trị x bằng,-1,-2,-1,-3,B,"Thế/ cộng đại số để tìm x,y. (Hệ được tạo sao cho nghiệm nguyên).",Dùng phương pháp cộng đại số để khử y hoặc x.,Giải phương trình 1 ẩn thu được.,Thế lại để kiểm tra.
Toán 9,alg_system,1,Giải hệ: { 5x + 1y = 12;  5x + 4y = 18 }. Giá trị x bằng,3,2,2,1,B,"Thế/ cộng đại số để tìm x,y. (Hệ được tạo sao cho nghiệm nguyên).",Dùng phương pháp cộng đại số để khử y hoặc x.,Giải phương trình 1 ẩn thu được.,Thế lại để kiểm tra.
Toán 9,alg_system,1,Giải hệ: { 5x + 5y = 20;  5x + 2y = 14 }. Giá trị x bằng,3,2,2,1,B,"Thế/ cộng đại số để tìm x,y. (Hệ được tạo sao cho nghiệm nguyên).",Dùng phương pháp cộng đại số để khử y hoặc x.,Giải phương trình 1 ẩn thu được.,Thế lại để kiểm tra.
Toán 9,alg_system,1,Giải hệ: { 3x + 4y = -4;  2x + 4y = 0 }. Giá trị x bằng,-5,-4,-3,2,B,"Thế/ cộng đại số để tìm x,y. (Hệ được tạo sao cho nghiệm nguyên).",Dùng phương pháp cộng đại số để khử y hoặc x.,Giải phương trình 1 ẩn thu được.,Thế lại để kiểm tra.
Toán 9,alg_system,1,Giải hệ: { 1x + 1y = 10;  4x + 2y = 30 }. Giá trị x bằng,5,6,5,4,A,"Thế/ cộng đại số để tìm x,y. (Hệ được tạo sao cho nghiệm nguyên).",Dùng phương pháp cộng đại số để khử y hoặc x.,Giải phương trình 1 ẩn thu được.,Thế lại để kiểm tra.
Toán 9,alg_system,2,Giải hệ: { 4x + 3y = 1;  3x + 4y = -1 }. Giá trị x bằng,1,0,-1,2,A,"Thế/ cộng đại số để tìm x,y. (Hệ được tạo sao cho nghiệm nguyên).",Dùng phương pháp cộng đại số để khử y hoặc x.,Giải phương trình 1 ẩn thu được.,Thế lại để kiểm tra.
Toán 9,alg_system,2,Giải hệ: { 5x + 1y = 11;  3x + 2y = 1 }. Giá trị x bằng,-4,2,4,3,D,"Thế/ cộng đại số để tìm x,y. (Hệ được tạo sao cho nghiệm nguyên).",Dùng phương pháp cộng đại số để khử y hoặc x.,Giải phương trình 1 ẩn thu được.,Thế lại để kiểm tra.
Toán 9,alg_system,2,Giải hệ: { 1x + 5y = -6;  2x + 2y = -4 }. Giá trị x bằng,0,-1,-2,-1,B,"Thế/ cộng đại số để tìm x,y. (Hệ được tạo sao cho nghiệm nguyên).",Dùng phương pháp cộng đại số để khử y hoặc x.,Giải phương trình 1 ẩn thu được.,Thế lại để kiểm tra.
Toán 9,alg_system,2,Giải hệ: { 3x + 3y = 6;  2x + 5y = 13 }. Giá trị x bằng,0,3,-2,-1,D,"Thế/ cộng đại số để tìm x,y. (Hệ được tạo sao cho nghiệm nguyên).",Dùng phương pháp cộng đại số để khử y hoặc x.,Giải phương trình 1 ẩn thu được.,Thế lại để kiểm tra.
Toán 9,alg_system,2,Giải hệ: { 5x + 4y = -20;  4x + 2y = -16 }. Giá trị x bằng,0,-5,-3,-4,D,"Thế/ cộng đại số để tìm x,y. (Hệ được tạo sao cho nghiệm nguyên).",Dùng phương pháp cộng đại số để khử y hoặc x.,Giải phương trình 1 ẩn thu được.,Thế lại để kiểm tra.
Toán 9,alg_system,2,Giải hệ: { 5x + 1y = 6;  5x + 1y = 6 }. Giá trị x bằng,0,6,-1,1,A,"Thế/ cộng đại số để tìm x,y. (Hệ được tạo sao cho nghiệm nguyên).",Dùng phương pháp cộng đại số để khử y hoặc x.,Giải phương trình 1 ẩn thu được.,Thế lại để kiểm tra.
Toán 9,alg_system,2,Giải hệ: { 3x + 1y = -5;  4x + 4y = 4 }. Giá trị x bằng,-4,-2,4,-3,D,"Thế/ cộng đại số để tìm x,y. (Hệ được tạo sao cho nghiệm nguyên).",Dùng phương pháp cộng đại số để khử y hoặc x.,Giải phương trình 1 ẩn thu được.,Thế lại để kiểm tra.
Toán 9,alg_system,3,Giải hệ: { 4x + 2y = 8;  5x + 3y = 9 }. Giá trị x bằng,3,4,-2,2,A,"Thế/ cộng đại số để tìm x,y. (Hệ được tạo sao cho nghiệm nguyên).",Dùng phương pháp cộng đại số để khử y hoặc x.,Giải phương trình 1 ẩn thu được.,Thế lại để kiểm tra.
Toán 9,alg_system,3,Giải hệ: { 3x + 2y = 15;  1x + 3y = 5 }. Giá trị x bằng,6,0,5,4,C,"Thế/ cộng đại số để tìm x,y. (Hệ được tạo sao cho nghiệm nguyên).",Dùng phương pháp cộng đại số để khử y hoặc x.,Giải phương trình 1 ẩn thu được.,Thế lại để kiểm tra.
Toán 9,alg_system,3,Giải hệ: { 3x + 1y = 20;  4x + 3y = 30 }. Giá trị x bằng,7,6,5,2,B,"Thế/ cộng đại số để tìm x,y. (Hệ được tạo sao cho nghiệm nguyên).",Dùng phương pháp cộng đại số để khử y hoặc x.,Giải phương trình 1 ẩn thu được.,Thế lại để kiểm tra.
Toán 9,alg_system,3,Giải hệ: { 3x + 5y = 5;  3x + 5y = 5 }. Giá trị x bằng,1,-1,1,0,D,"Thế/ cộng đại số để tìm x,y. (Hệ được tạo sao cho nghiệm nguyên).",Dùng phương pháp cộng đại số để khử y hoặc x.,Giải phương trình 1 ẩn thu được.,Thế lại để kiểm tra.
Toán 9,alg_system,3,Giải hệ: { 5x + 2y = 16;  4x + 4y = 20 }. Giá trị x bằng,3,3,2,1,C,"Thế/ cộng đại số để tìm x,y. (Hệ được tạo sao cho nghiệm nguyên).",Dùng phương pháp cộng đại số để khử y hoặc x.,Giải phương trình 1 ẩn thu được.,Thế lại để kiểm tra.
Toán 9,alg_system,3,Giải hệ: { 3x + 5y = 1;  3x + 4y = 2 }. Giá trị x bằng,2,1,-1,3,A,"Thế/ cộng đại số để tìm x,y. (Hệ được tạo sao cho nghiệm nguyên).",Dùng phương pháp cộng đại số để khử y hoặc x.,Giải phương trình 1 ẩn thu được.,Thế lại để kiểm tra.
Toán 9,alg_quadratic,1,Nghiệm của phương trình: x² - (1)x + (-2) = 0 là,x = -1 và x = -2,x = 2 và x = -1,x = 1 và x = -2,x = 2 và x = -2,B,Nhận ra (x-2)(x--1)=0 ⇒ x=2 hoặc x=-1.,Thử phân tích thành nhân tử (x-a)(x-b).,"So sánh hệ số: a+b=s, ab=p.",Kết luận nghiệm là a và b.
Toán 9,alg_quadratic,1,Nghiệm của phương trình: x² - (-2)x + (0) = 0 là,x = -2 và x = 0,x = 0 và x = 0,x = -2 và x = 0,x = -2 và x = 0,A,Nhận ra (x--2)(x-0)=0 ⇒ x=-2 hoặc x=0.,Thử phân tích thành nhân tử (x-a)(x-b).,"So sánh hệ số: a+b=s, ab=p.",Kết luận nghiệm là a và b.
Toán 9,alg_quadratic,1,Nghiệm của phương trình: x² - (1)x + (-2) = 0 là,x = 1 và x = -2,x = -1 và x = -2,x = 2 và x = -1,x = 2 và x = -2,C,Nhận ra (x-2)(x--1)=0 ⇒ x=2 hoặc x=-1.,Thử phân tích thành nhân tử (x-a)(x-b).,"So sánh hệ số: a+b=s, ab=p.",Kết luận nghiệm là a và b.
Toán 9,alg_quadratic,1,Nghiệm của phương trình: x² - (-3)x + (0) = 0 là,x = -3 và x = 0,x = -3 và x = 0,x = 0 và x = -3,x = 0 và x = 0,C,Nhận ra (x-0)(x--3)=0 ⇒ x=0 hoặc x=-3.,Thử phân tích thành nhân tử (x-a)(x-b).,"So sánh hệ số: a+b=s, ab=p.",Kết luận nghiệm là a và b.
Toán 9,alg_quadratic,1,Nghiệm của phương trình: x² - (-2)x + (-15) = 0 là,x = -2 và x = -15,x = -5 và x = 3,x = 3 và x = -15,x = -5 và x = -15,B,Nhận ra (x--5)(x-3)=0 ⇒ x=-5 hoặc x=3.,Thử phân tích thành nhân tử (x-a)(x-b).,"So sánh hệ số: a+b=s, ab=p.",Kết luận nghiệm là a và b.
Toán 9,alg_quadratic,1,Nghiệm của phương trình: x² - (-2)x + (-8) = 0 là,x = -4 và x = -8,x = -2 và x = -8,x = 2 và x = -8,x = 2 và x = -4,D,Nhận ra (x-2)(x--4)=0 ⇒ x=2 hoặc x=-4.,Thử phân tích thành nhân tử (x-a)(x-b).,"So sánh hệ số: a+b=s, ab=p.",Kết luận nghiệm là a và b.
Toán 9,alg_quadratic,1,Nghiệm của phương trình: x² - (2)x + (0) = 0 là,x = 2 và x = 0,x = 0 và x = 0,x = 2 và x = 0,x = 2 và x = 0,A,Nhận ra (x-2)(x-0)=0 ⇒ x=2 hoặc x=0.,Thử phân tích thành nhân tử (x-a)(x-b).,"So sánh hệ số: a+b=s, ab=p.",Kết luận nghiệm là a và b.
Toán 9,alg_quadratic,2,Giải phương trình: 4x² + (20)x + (24) = 0,"x = -3, -5","x = -3, -2","x = -5, 6","x = -2, 6",B,Chia 4: x² + (5)x + (6)=0 ⇒ (x--3)(x--2)=0 ⇒ x=-3 hoặc x=-2.,Có thể chia cả hai vế cho a để đơn giản.,Phân tích thành nhân tử hoặc dùng Δ.,Kết luận 2 nghiệm.
Toán 9,alg_quadratic,2,Giải phương trình: 1x² + (3)x + (2) = 0,"x = -3, 2","x = -1, 2","x = -2, -1","x = -2, -3",C,Chia 1: x² + (3)x + (2)=0 ⇒ (x--2)(x--1)=0 ⇒ x=-2 hoặc x=-1.,Có thể chia cả hai vế cho a để đơn giản.,Phân tích thành nhân tử hoặc dùng Δ.,Kết luận 2 nghiệm.
Toán 9,alg_quadratic,2,Giải phương trình: 4x² + (-12)x + (-16) = 0,"x = -1, 4","x = -1, 3","x = 3, -4","x = 4, -4",A,Chia 4: x² + (-3)x + (-4)=0 ⇒ (x--1)(x-4)=0 ⇒ x=-1 hoặc x=4.,Có thể chia cả hai vế cho a để đơn giản.,Phân tích thành nhân tử hoặc dùng Δ.,Kết luận 2 nghiệm.
Toán 9,alg_quadratic,2,Giải phương trình: 4x² + (16)x + (0) = 0,"x = -4, 0","x = 0, -4","x = -4, 0","x = 0, -4",B,Chia 4: x² + (4)x + (0)=0 ⇒ (x-0)(x--4)=0 ⇒ x=0 hoặc x=-4.,Có thể chia cả hai vế cho a để đơn giản.,Phân tích thành nhân tử hoặc dùng Δ.,Kết luận 2 nghiệm.
Toán 9,alg_quadratic,2,Giải phương trình: 1x² + (3)x + (2) = 0,"x = -1, 2","x = -2, -1","x = -2, -3","x = -3, 2",B,Chia 1: x² + (3)x + (2)=0 ⇒ (x--2)(x--1)=0 ⇒ x=-2 hoặc x=-1.,Có thể chia cả hai vế cho a để đơn giản.,Phân tích thành nhân tử hoặc dùng Δ.,Kết luận 2 nghiệm.
Toán 9,alg_quadratic,2,Giải phương trình: 4x² + (-28)x + (48) = 0,"x = 7, 12","x = 4, 12","x = 3, 4","x = 3, 7",C,Chia 4: x² + (-7)x + (12)=0 ⇒ (x-3)(x-4)=0 ⇒ x=3 hoặc x=4.,Có thể chia cả hai vế cho a để đơn giản.,Phân tích thành nhân tử hoặc dùng Δ.,Kết luận 2 nghiệm.
Toán 9,alg_quadratic,2,Giải phương trình: 3x² + (0)x + (-27) = 0,"x = 3, 0","x = 3, -3","x = -3, -9","x = 0, -9",B,Chia 3: x² + (0)x + (-9)=0 ⇒ (x-3)(x--3)=0 ⇒ x=3 hoặc x=-3.,Có thể chia cả hai vế cho a để đơn giản.,Phân tích thành nhân tử hoặc dùng Δ.,Kết luận 2 nghiệm.
Toán 9,alg_quadratic,3,"Với phương trình 2x² + (-5)x + (-1) = 0, Δ bằng",34,25,33,41,C,Δ = b² - 4ac = (-5)² - 4·2·(-1) = 33.,Nhớ công thức Δ = b² - 4ac.,"Thay a,b,c vào công thức.",Tính cẩn thận dấu âm của c.
Toán 9,alg_quadratic,3,"Với phương trình 3x² + (9)x + (0) = 0, Δ bằng",69,93,81,82,C,Δ = b² - 4ac = (9)² - 4·3·(0) = 81.,Nhớ công thức Δ = b² - 4ac.,"Thay a,b,c vào công thức.",Tính cẩn thận dấu âm của c.
Toán 9,alg_quadratic,3,"Với phương trình 4x² + (-1)x + (7) = 0, Δ bằng",-127,-111,-95,-110,B,Δ = b² - 4ac = (-1)² - 4·4·(7) = -111.,Nhớ công thức Δ = b² - 4ac.,"Thay a,b,c vào công thức.",Tính cẩn thận dấu âm của c.
Toán 9,alg_quadratic,3,"Với phương trình 4x² + (1)x + (-1) = 0, Δ bằng",33,1,18,17,D,Δ = b² - 4ac = (1)² - 4·4·(-1) = 17.,Nhớ công thức Δ = b² - 4ac.,"Thay a,b,c vào công thức.",Tính cẩn thận dấu âm của c.
Toán 9,alg_quadratic,3,"Với phương trình 1x² + (-1)x + (9) = 0, Δ bằng",-39,-31,-34,-35,D,Δ = b² - 4ac = (-1)² - 4·1·(9) = -35.,Nhớ công thức Δ = b² - 4ac.,"Thay a,b,c vào công thức.",Tính cẩn thận dấu âm của c.
Toán 9,alg_quadratic,3,"Với phương trình 4x² + (-1)x + (-4) = 0, Δ bằng",65,81,49,66,A,Δ = b² - 4ac = (-1)² - 4·4·(-4) = 65.,Nhớ công thức Δ = b² - 4ac.,"Thay a,b,c vào công thức.",Tính cẩn thận dấu âm của c.
Toán 9,alg_function_linear,1,"Với hàm số y = 2x + (-1), hệ số góc là",2,1,-1,-2,A,"Trong y=ax+b, hệ số góc là a.",Nhớ dạng chuẩn y=ax+b.,Hệ số trước x chính là a.,Kết luận.
Toán 9,alg_function_linear,1,"Với hàm số y = -3x + (-1), hệ số góc là",-3,-1,-4,3,A,"Trong y=ax+b, hệ số góc là a.",Nhớ dạng chuẩn y=ax+b.,Hệ số trước x chính là a.,Kết luận.
Toán 9,alg_function_linear,1,"Với hàm số y = 1x + (6), hệ số góc là",7,-1,6,1,D,"Trong y=ax+b, hệ số góc là a.",Nhớ dạng chuẩn y=ax+b.,Hệ số trước x chính là a.,Kết luận.
Toán 9,alg_function_linear,1,"Với hàm số y = 2x + (-5), hệ số góc là",-5,2,-3,-2,B,"Trong y=ax+b, hệ số góc là a.",Nhớ dạng chuẩn y=ax+b.,Hệ số trước x chính là a.,Kết luận.
Toán 9,alg_function_linear,1,"Với hàm số y = 3x + (1), hệ số góc là",1,4,3,-3,C,"Trong y=ax+b, hệ số góc là a.",Nhớ dạng chuẩn y=ax+b.,Hệ số trước x chính là a.,Kết luận.
Toán 9,alg_function_linear,1,"Với hàm số y = 4x + (6), hệ số góc là",4,6,10,-4,A,"Trong y=ax+b, hệ số góc là a.",Nhớ dạng chuẩn y=ax+b.,Hệ số trước x chính là a.,Kết luận.
Toán 9,alg_function_linear,1,"Với hàm số y = -2x + (-2), hệ số góc là",-2,-4,2,-2,A,"Trong y=ax+b, hệ số góc là a.",Nhớ dạng chuẩn y=ax+b.,Hệ số trước x chính là a.,Kết luận.
Toán 9,alg_function_linear,2,"Với hàm số y = 2x + (-5), hệ số góc là",-5,-2,-3,2,D,"Trong y=ax+b, hệ số góc là a.",Nhớ dạng chuẩn y=ax+b.,Hệ số trước x chính là a.,Kết luận.
Toán 9,alg_function_linear,2,"Với hàm số y = -1x + (2), hệ số góc là",1,2,1,-1,D,"Trong y=ax+b, hệ số góc là a.",Nhớ dạng chuẩn y=ax+b.,Hệ số trước x chính là a.,Kết luận.
Toán 9,alg_function_linear,2,"Với hàm số y = -4x + (1), hệ số góc là",1,4,-3,-4,D,"Trong y=ax+b, hệ số góc là a.",Nhớ dạng chuẩn y=ax+b.,Hệ số trước x chính là a.,Kết luận.
Toán 9,alg_function_linear,2,"Với hàm số y = -1x + (2), hệ số góc là",-1,1,2,1,A,"Trong y=ax+b, hệ số góc là a.",Nhớ dạng chuẩn y=ax+b.,Hệ số trước x chính là a.,Kết luận.
Toán 9,alg_function_linear,2,"Với hàm số y = -2x + (1), hệ số góc là",-1,-2,2,1,B,"Trong y=ax+b, hệ số góc là a.",Nhớ dạng chuẩn y=ax+b.,Hệ số trước x chính là a.,Kết luận.
Toán 9,alg_function_linear,2,"Với hàm số y = 3x + (5), hệ số góc là",8,-3,3,5,C,"Trong y=ax+b, hệ số góc là a.",Nhớ dạng chuẩn y=ax+b.,Hệ số trước x chính là a.,Kết luận.
Toán 9,alg_function_linear,2,"Với hàm số y = 1x + (-1), hệ số góc là",-1,-1,1,0,C,"Trong y=ax+b, hệ số góc là a.",Nhớ dạng chuẩn y=ax+b.,Hệ số trước x chính là a.,Kết luận.
Toán 9,alg_function_linear,3,"Với hàm số y = 4x + (3), hệ số góc là",7,3,4,-4,C,"Trong y=ax+b, hệ số góc là a.",Nhớ dạng chuẩn y=ax+b.,Hệ số trước x chính là a.,Kết luận.
Toán 9,alg_function_linear,3,"Với hàm số y = 2x + (-1), hệ số góc là",2,1,-1,-2,A,"Trong y=ax+b, hệ số góc là a.",Nhớ dạng chuẩn y=ax+b.,Hệ số trước x chính là a.,Kết luận.
Toán 9,alg_function_linear,3,"Với hàm số y = -2x + (3), hệ số góc là",1,3,-2,2,C,"Trong y=ax+b, hệ số góc là a.",Nhớ dạng chuẩn y=ax+b.,Hệ số trước x chính là a.,Kết luận.
Toán 9,alg_function_linear,3,"Với hàm số y = 2x + (5), hệ số góc là",7,2,5,-2,B,"Trong y=ax+b, hệ số góc là a.",Nhớ dạng chuẩn y=ax+b.,Hệ số trước x chính là a.,Kết luận.
Toán 9,alg_function_linear,3,"Với hàm số y = -5x + (-4), hệ số góc là",5,-4,-5,-9,C,"Trong y=ax+b, hệ số góc là a.",Nhớ dạng chuẩn y=ax+b.,Hệ số trước x chính là a.,Kết luận.
Toán 9,alg_function_linear,3,"Với hàm số y = 2x + (-6), hệ số góc là",-4,2,-2,-6,B,"Trong y=ax+b, hệ số góc là a.",Nhớ dạng chuẩn y=ax+b.,Hệ số trước x chính là a.,Kết luận.
Toán 9,alg_statistics,1,"Tính trung bình cộng của dãy số: 5, 6, 7, 2, 6",5.2,5,6,4,A,TBC = (tổng)/5 = (26)/5 = 5.2.,Cộng tất cả số lại.,Chia cho số lượng phần tử (5).,Rút gọn nếu cần.
Toán 9,alg_statistics,1,"Tính trung bình cộng của dãy số: 1, 2, 4, 5, 4",3,2,4,3.2,D,TBC = (tổng)/5 = (16)/5 = 3.2.,Cộng tất cả số lại.,Chia cho số lượng phần tử (5).,Rút gọn nếu cần.
Toán 9,alg_statistics,1,"Tính trung bình cộng của dãy số: 2, 8, 3, 5, 1",3,2,4,3.8,D,TBC = (tổng)/5 = (19)/5 = 3.8.,Cộng tất cả số lại.,Chia cho số lượng phần tử (5).,Rút gọn nếu cần.
Toán 9,alg_statistics,1,"Tính trung bình cộng của dãy số: 6, 7, 3, 4, 9",6,5.8,5,4,B,TBC = (tổng)/5 = (29)/5 = 5.8.,Cộng tất cả số lại.,Chia cho số lượng phần tử (5).,Rút gọn nếu cần.
Toán 9,alg_statistics,1,"Tính trung bình cộng của dãy số: 2, 7, 4, 8, 3",4.8,4,3,5,A,TBC = (tổng)/5 = (24)/5 = 4.8.,Cộng tất cả số lại.,Chia cho số lượng phần tử (5).,Rút gọn nếu cần.
Toán 9,alg_statistics,1,"Tính trung bình cộng của dãy số: 1, 8, 5, 9, 3",4,5,6,5.2,D,TBC = (tổng)/5 = (26)/5 = 5.2.,Cộng tất cả số lại.,Chia cho số lượng phần tử (5).,Rút gọn nếu cần.
Toán 9,alg_statistics,1,"Tính trung bình cộng của dãy số: 5, 7, 5, 8, 5",6,6,5,7,A,TBC = (tổng)/5 = (30)/5 = 6.0.,Cộng tất cả số lại.,Chia cho số lượng phần tử (5).,Rút gọn nếu cần.
Toán 9,alg_statistics,2,"Tính trung bình cộng của dãy số: 7, 6, 5, 5, 1",4,4.8,5,3,B,TBC = (tổng)/5 = (24)/5 = 4.8.,Cộng tất cả số lại.,Chia cho số lượng phần tử (5).,Rút gọn nếu cần.
Toán 9,alg_statistics,2,"Tính trung bình cộng của dãy số: 1, 8, 5, 4, 6",3,4.8,4,5,B,TBC = (tổng)/5 = (24)/5 = 4.8.,Cộng tất cả số lại.,Chia cho số lượng phần tử (5).,Rút gọn nếu cần.
Toán 9,alg_statistics,2,"Tính trung bình cộng của dãy số: 3, 2, 1, 5, 8",2,4,3,3.8,D,TBC = (tổng)/5 = (19)/5 = 3.8.,Cộng tất cả số lại.,Chia cho số lượng phần tử (5).,Rút gọn nếu cần.
Toán 9,alg_statistics,2,"Tính trung bình cộng của dãy số: 2, 5, 6, 7, 3",4,3,4.6,5,C,TBC = (tổng)/5 = (23)/5 = 4.6.,Cộng tất cả số lại.,Chia cho số lượng phần tử (5).,Rút gọn nếu cần.
Toán 9,alg_statistics,2,"Tính trung bình cộng của dãy số: 5, 3, 5, 8, 5",4,6,5.2,5,C,TBC = (tổng)/5 = (26)/5 = 5.2.,Cộng tất cả số lại.,Chia cho số lượng phần tử (5).,Rút gọn nếu cần.
Toán 9,alg_statistics,2,"Tính trung bình cộng của dãy số: 3, 4, 7, 9, 6",5,4,6,5.8,D,TBC = (tổng)/5 = (29)/5 = 5.8.,Cộng tất cả số lại.,Chia cho số lượng phần tử (5).,Rút gọn nếu cần.
Toán 9,alg_statistics,2,"Tính trung bình cộng của dãy số: 2, 8, 6, 5, 7",6,4,5.6,5,C,TBC = (tổng)/5 = (28)/5 = 5.6.,Cộng tất cả số lại.,Chia cho số lượng phần tử (5).,Rút gọn nếu cần.
Toán 9,alg_statistics,3,"Tính trung bình cộng của dãy số: 9, 6, 4, 2, 8",5.8,6,4,5,A,TBC = (tổng)/5 = (29)/5 = 5.8.,Cộng tất cả số lại.,Chia cho số lượng phần tử (5).,Rút gọn nếu cần.
Toán 9,alg_statistics,3,"Tính trung bình cộng của dãy số: 1, 1, 5, 8, 2",4,3,2,3.4,D,TBC = (tổng)/5 = (17)/5 = 3.4.,Cộng tất cả số lại.,Chia cho số lượng phần tử (5).,Rút gọn nếu cần.
Toán 9,alg_statistics,3,"Tính trung bình cộng của dãy số: 6, 9, 7, 3, 7",5,6,7,6.4,D,TBC = (tổng)/5 = (32)/5 = 6.4.,Cộng tất cả số lại.,Chia cho số lượng phần tử (5).,Rút gọn nếu cần.
Toán 9,alg_statistics,3,"Tính trung bình cộng của dãy số: 5, 1, 6, 4, 8",4,5,4.8,3,C,TBC = (tổng)/5 = (24)/5 = 4.8.,Cộng tất cả số lại.,Chia cho số lượng phần tử (5).,Rút gọn nếu cần.
Toán 9,alg_statistics,3,"Tính trung bình cộng của dãy số: 6, 9, 6, 1, 7",6,4,5.8,5,C,TBC = (tổng)/5 = (29)/5 = 5.8.,Cộng tất cả số lại.,Chia cho số lượng phần tử (5).,Rút gọn nếu cần.
Toán 9,alg_statistics,3,"Tính trung bình cộng của dãy số: 8, 2, 4, 1, 1",4,2,3.2,3,C,TBC = (tổng)/5 = (16)/5 = 3.2.,Cộng tất cả số lại.,Chia cho số lượng phần tử (5).,Rút gọn nếu cần.
Toán 9,geo_pythag,1,Tam giác vuông có 2 cạnh góc vuông 18 và 24. Cạnh huyền bằng,28,42,30,32,C,Áp dụng Pitago: c = √(18²+24²) = 30.,Pitago: c² = a² + b².,Tính a²+b².,Lấy căn bậc hai.
Toán 9,geo_pythag,1,Tam giác vuông có 2 cạnh góc vuông 12 và 16. Cạnh huyền bằng,20,28,18,22,A,Áp dụng Pitago: c = √(12²+16²) = 20.,Pitago: c² = a² + b².,Tính a²+b².,Lấy căn bậc hai.
Toán 9,geo_pythag,1,Tam giác vuông có 2 cạnh góc vuông 6 và 8. Cạnh huyền bằng,8,14,12,10,D,Áp dụng Pitago: c = √(6²+8²) = 10.,Pitago: c² = a² + b².,Tính a²+b².,Lấy căn bậc hai.
Toán 9,geo_pythag,1,Tam giác vuông có 2 cạnh góc vuông 6 và 8. Cạnh huyền bằng,10,14,9,11,A,Áp dụng Pitago: c = √(6²+8²) = 10.,Pitago: c² = a² + b².,Tính a²+b².,Lấy căn bậc hai.
Toán 9,geo_pythag,1,Tam giác vuông có 2 cạnh góc vuông 24 và 45. Cạnh huyền bằng,48,69,54,51,D,Áp dụng Pitago: c = √(24²+45²) = 51.,Pitago: c² = a² + b².,Tính a²+b².,Lấy căn bậc hai.
Toán 9,geo_pythag,1,Tam giác vuông có 2 cạnh góc vuông 27 và 36. Cạnh huyền bằng,48,45,42,63,B,Áp dụng Pitago: c = √(27²+36²) = 45.,Pitago: c² = a² + b².,Tính a²+b².,Lấy căn bậc hai.
Toán 9,geo_pythag,1,Tam giác vuông có 2 cạnh góc vuông 8 và 15. Cạnh huyền bằng,17,18,16,23,A,Áp dụng Pitago: c = √(8²+15²) = 17.,Pitago: c² = a² + b².,Tính a²+b².,Lấy căn bậc hai.
Toán 9,geo_pythag,2,Tam giác vuông có cạnh huyền 15 và 1 cạnh góc vuông 9. Cạnh góc vuông còn lại bằng,6,9,12,15,C,b = √(c²-a²) = √(15²-9²) = 12.,Pitago: b² = c² - a².,Tính c²-a².,Lấy căn bậc hai.
Toán 9,geo_pythag,2,Tam giác vuông có cạnh huyền 45 và 1 cạnh góc vuông 27. Cạnh góc vuông còn lại bằng,36,39,33,18,A,b = √(c²-a²) = √(45²-27²) = 36.,Pitago: b² = c² - a².,Tính c²-a².,Lấy căn bậc hai.
Toán 9,geo_pythag,2,Tam giác vuông có cạnh huyền 60 và 1 cạnh góc vuông 36. Cạnh góc vuông còn lại bằng,52,24,44,48,D,b = √(c²-a²) = √(60²-36²) = 48.,Pitago: b² = c² - a².,Tính c²-a².,Lấy căn bậc hai.
Toán 9,geo_pythag,2,Tam giác vuông có cạnh huyền 30 và 1 cạnh góc vuông 18. Cạnh góc vuông còn lại bằng,22,24,26,12,B,b = √(c²-a²) = √(30²-18²) = 24.,Pitago: b² = c² - a².,Tính c²-a².,Lấy căn bậc hai.
Toán 9,geo_pythag,2,Tam giác vuông có cạnh huyền 68 và 1 cạnh góc vuông 32. Cạnh góc vuông còn lại bằng,64,60,56,36,B,b = √(c²-a²) = √(68²-32²) = 60.,Pitago: b² = c² - a².,Tính c²-a².,Lấy căn bậc hai.
Toán 9,geo_pythag,2,Tam giác vuông có cạnh huyền 30 và 1 cạnh góc vuông 18. Cạnh góc vuông còn lại bằng,12,27,24,21,C,b = √(c²-a²) = √(30²-18²) = 24.,Pitago: b² = c² - a².,Tính c²-a².,Lấy căn bậc hai.
Toán 9,geo_pythag,2,Tam giác vuông có cạnh huyền 5 và 1 cạnh góc vuông 3. Cạnh góc vuông còn lại bằng,3,5,4,2,C,b = √(c²-a²) = √(5²-3²) = 4.,Pitago: b² = c² - a².,Tính c²-a².,Lấy căn bậc hai.
Toán 9,geo_pythag,3,"Bộ ba độ dài (6,15,25) có phải là 3 cạnh của tam giác vuông không?",Có,Không,Không,Có,B,Kiểm tra Pitago: a²+b² ≠ c² ( 36+225 ≠ 625 ).,Cạnh lớn nhất coi là cạnh huyền.,So sánh a²+b² với c².,Nếu bằng nhau thì là tam giác vuông.
Toán 9,geo_pythag,3,"Bộ ba độ dài (18,6,22) có phải là 3 cạnh của tam giác vuông không?",Có,Có,Không,Không,C,Kiểm tra Pitago: a²+b² ≠ c² ( 324+36 ≠ 484 ).,Cạnh lớn nhất coi là cạnh huyền.,So sánh a²+b² với c².,Nếu bằng nhau thì là tam giác vuông.
Toán 9,geo_pythag,3,"Bộ ba độ dài (11,9,21) có phải là 3 cạnh của tam giác vuông không?",Không,Không,Có,Có,A,Kiểm tra Pitago: a²+b² ≠ c² ( 121+81 ≠ 441 ).,Cạnh lớn nhất coi là cạnh huyền.,So sánh a²+b² với c².,Nếu bằng nhau thì là tam giác vuông.
Toán 9,geo_pythag,3,"Bộ ba độ dài (16,8,20) có phải là 3 cạnh của tam giác vuông không?",Không,Có,Có,Không,A,Kiểm tra Pitago: a²+b² ≠ c² ( 256+64 ≠ 400 ).,Cạnh lớn nhất coi là cạnh huyền.,So sánh a²+b² với c².,Nếu bằng nhau thì là tam giác vuông.
Toán 9,geo_pythag,3,"Bộ ba độ dài (13,5,15) có phải là 3 cạnh của tam giác vuông không?",Có,Không,Có,Không,B,Kiểm tra Pitago: a²+b² ≠ c² ( 169+25 ≠ 225 ).,Cạnh lớn nhất coi là cạnh huyền.,So sánh a²+b² với c².,Nếu bằng nhau thì là tam giác vuông.
Toán 9,geo_pythag,3,"Bộ ba độ dài (16,5,18) có phải là 3 cạnh của tam giác vuông không?",Có,Có,Không,Không,C,Kiểm tra Pitago: a²+b² ≠ c² ( 256+25 ≠ 324 ).,Cạnh lớn nhất coi là cạnh huyền.,So sánh a²+b² với c².,Nếu bằng nhau thì là tam giác vuông.
Toán 9,geo_trig,1,Giá trị sin 60° bằng,0,1,1/2,√3/2,D,"Nhớ các giá trị lượng giác góc đặc biệt 30°,45°,60°.",Ghi nhớ bảng sin/cos góc 30-45-60.,So sánh với tam giác vuông đặc biệt.,Chọn đáp án đúng.
Toán 9,geo_trig,1,Giá trị sin 45° bằng,√3/2,0,√2/2,1,C,"Nhớ các giá trị lượng giác góc đặc biệt 30°,45°,60°.",Ghi nhớ bảng sin/cos góc 30-45-60.,So sánh với tam giác vuông đặc biệt.,Chọn đáp án đúng.
Toán 9,geo_trig,1,Giá trị sin 45° bằng,0,1,√3/2,√2/2,D,"Nhớ các giá trị lượng giác góc đặc biệt 30°,45°,60°.",Ghi nhớ bảng sin/cos góc 30-45-60.,So sánh với tam giác vuông đặc biệt.,Chọn đáp án đúng.
Toán 9,geo_trig,1,Giá trị sin 60° bằng,0,1/2,1,√3/2,D,"Nhớ các giá trị lượng giác góc đặc biệt 30°,45°,60°.",Ghi nhớ bảng sin/cos góc 30-45-60.,So sánh với tam giác vuông đặc biệt.,Chọn đáp án đúng.
Toán 9,geo_trig,1,Giá trị sin 60° bằng,√3/2,1,0,1/2,A,"Nhớ các giá trị lượng giác góc đặc biệt 30°,45°,60°.",Ghi nhớ bảng sin/cos góc 30-45-60.,So sánh với tam giác vuông đặc biệt.,Chọn đáp án đúng.
Toán 9,geo_trig,1,Giá trị sin 30° bằng,√3/2,1,0,1/2,D,"Nhớ các giá trị lượng giác góc đặc biệt 30°,45°,60°.",Ghi nhớ bảng sin/cos góc 30-45-60.,So sánh với tam giác vuông đặc biệt.,Chọn đáp án đúng.
Toán 9,geo_trig,1,Giá trị sin 60° bằng,√3/2,0,1,1/2,A,"Nhớ các giá trị lượng giác góc đặc biệt 30°,45°,60°.",Ghi nhớ bảng sin/cos góc 30-45-60.,So sánh với tam giác vuông đặc biệt.,Chọn đáp án đúng.
Toán 9,geo_trig,2,Giá trị sin 45° bằng,0,1,√3/2,√2/2,D,"Nhớ các giá trị lượng giác góc đặc biệt 30°,45°,60°.",Ghi nhớ bảng sin/cos góc 30-45-60.,So sánh với tam giác vuông đặc biệt.,Chọn đáp án đúng.
Toán 9,geo_trig,2,Giá trị sin 30° bằng,1/2,1,√3/2,0,A,"Nhớ các giá trị lượng giác góc đặc biệt 30°,45°,60°.",Ghi nhớ bảng sin/cos góc 30-45-60.,So sánh với tam giác vuông đặc biệt.,Chọn đáp án đúng.
Toán 9,geo_trig,2,Giá trị sin 30° bằng,1/2,0,1,√3/2,A,"Nhớ các giá trị lượng giác góc đặc biệt 30°,45°,60°.",Ghi nhớ bảng sin/cos góc 30-45-60.,So sánh với tam giác vuông đặc biệt.,Chọn đáp án đúng.
Toán 9,geo_trig,2,Giá trị sin 45° bằng,√2/2,√3/2,1,0,A,"Nhớ các giá trị lượng giác góc đặc biệt 30°,45°,60°.",Ghi nhớ bảng sin/cos góc 30-45-60.,So sánh với tam giác vuông đặc biệt.,Chọn đáp án đúng.
Toán 9,geo_trig,2,Giá trị sin 60° bằng,1,1/2,0,√3/2,D,"Nhớ các giá trị lượng giác góc đặc biệt 30°,45°,60°.",Ghi nhớ bảng sin/cos góc 30-45-60.,So sánh với tam giác vuông đặc biệt.,Chọn đáp án đúng.
Toán 9,geo_trig,2,Giá trị sin 30° bằng,1/2,0,√3/2,1,A,"Nhớ các giá trị lượng giác góc đặc biệt 30°,45°,60°.",Ghi nhớ bảng sin/cos góc 30-45-60.,So sánh với tam giác vuông đặc biệt.,Chọn đáp án đúng.
Toán 9,geo_trig,2,Giá trị sin 60° bằng,1,√3/2,0,1/2,B,"Nhớ các giá trị lượng giác góc đặc biệt 30°,45°,60°.",Ghi nhớ bảng sin/cos góc 30-45-60.,So sánh với tam giác vuông đặc biệt.,Chọn đáp án đúng.
Toán 9,geo_trig,3,Giá trị sin 45° bằng,√2/2,√3/2,1,0,A,"Nhớ các giá trị lượng giác góc đặc biệt 30°,45°,60°.",Ghi nhớ bảng sin/cos góc 30-45-60.,So sánh với tam giác vuông đặc biệt.,Chọn đáp án đúng.
Toán 9,geo_trig,3,Giá trị sin 45° bằng,1,√3/2,0,√2/2,D,"Nhớ các giá trị lượng giác góc đặc biệt 30°,45°,60°.",Ghi nhớ bảng sin/cos góc 30-45-60.,So sánh với tam giác vuông đặc biệt.,Chọn đáp án đúng.
Toán 9,geo_trig,3,Giá trị sin 60° bằng,0,√3/2,1,1/2,B,"Nhớ các giá trị lượng giác góc đặc biệt 30°,45°,60°.",Ghi nhớ bảng sin/cos góc 30-45-60.,So sánh với tam giác vuông đặc biệt.,Chọn đáp án đúng.
Toán 9,geo_trig,3,Giá trị sin 45° bằng,√3/2,0,√2/2,1,C,"Nhớ các giá trị lượng giác góc đặc biệt 30°,45°,60°.",Ghi nhớ bảng sin/cos góc 30-45-60.,So sánh với tam giác vuông đặc biệt.,Chọn đáp án đúng.
Toán 9,geo_trig,3,Giá trị sin 30° bằng,0,√3/2,1,1/2,D,"Nhớ các giá trị lượng giác góc đặc biệt 30°,45°,60°.",Ghi nhớ bảng sin/cos góc 30-45-60.,So sánh với tam giác vuông đặc biệt.,Chọn đáp án đúng.
Toán 9,geo_trig,3,Giá trị sin 45° bằng,0,√2/2,√3/2,1,B,"Nhớ các giá trị lượng giác góc đặc biệt 30°,45°,60°.",Ghi nhớ bảng sin/cos góc 30-45-60.,So sánh với tam giác vuông đặc biệt.,Chọn đáp án đúng.
Toán 9,geo_similarity,1,"Hai tam giác đồng dạng, tỉ số đồng dạng k = 3. Nếu cạnh tương ứng ở tam giác nhỏ là 6 thì cạnh ở tam giác lớn là",15,19,18,9,C,Cạnh tỉ lệ theo k: lớn = nhỏ·k.,Đồng dạng: các cạnh tương ứng tỉ lệ.,Nhân cạnh nhỏ với k.,Kết luận.
Toán 9,geo_similarity,1,"Hai tam giác đồng dạng, tỉ số đồng dạng k = 2. Nếu cạnh tương ứng ở tam giác nhỏ là 4 thì cạnh ở tam giác lớn là",8,9,6,8,A,Cạnh tỉ lệ theo k: lớn = nhỏ·k.,Đồng dạng: các cạnh tương ứng tỉ lệ.,Nhân cạnh nhỏ với k.,Kết luận.
Toán 9,geo_similarity,1,"Hai tam giác đồng dạng, tỉ số đồng dạng k = 6. Nếu cạnh tương ứng ở tam giác nhỏ là 7 thì cạnh ở tam giác lớn là",43,13,42,43,C,Cạnh tỉ lệ theo k: lớn = nhỏ·k.,Đồng dạng: các cạnh tương ứng tỉ lệ.,Nhân cạnh nhỏ với k.,Kết luận.
Toán 9,geo_similarity,1,"Hai tam giác đồng dạng, tỉ số đồng dạng k = 5. Nếu cạnh tương ứng ở tam giác nhỏ là 6 thì cạnh ở tam giác lớn là",11,30,31,31,B,Cạnh tỉ lệ theo k: lớn = nhỏ·k.,Đồng dạng: các cạnh tương ứng tỉ lệ.,Nhân cạnh nhỏ với k.,Kết luận.
Toán 9,geo_similarity,1,"Hai tam giác đồng dạng, tỉ số đồng dạng k = 2. Nếu cạnh tương ứng ở tam giác nhỏ là 6 thì cạnh ở tam giác lớn là",13,12,8,10,B,Cạnh tỉ lệ theo k: lớn = nhỏ·k.,Đồng dạng: các cạnh tương ứng tỉ lệ.,Nhân cạnh nhỏ với k.,Kết luận.
Toán 9,geo_similarity,1,"Hai tam giác đồng dạng, tỉ số đồng dạng k = 4. Nếu cạnh tương ứng ở tam giác nhỏ là 3 thì cạnh ở tam giác lớn là",19,7,13,12,D,Cạnh tỉ lệ theo k: lớn = nhỏ·k.,Đồng dạng: các cạnh tương ứng tỉ lệ.,Nhân cạnh nhỏ với k.,Kết luận.
Toán 9,geo_similarity,1,"Hai tam giác đồng dạng, tỉ số đồng dạng k = 6. Nếu cạnh tương ứng ở tam giác nhỏ là 2 thì cạnh ở tam giác lớn là",8,12,13,38,B,Cạnh tỉ lệ theo k: lớn = nhỏ·k.,Đồng dạng: các cạnh tương ứng tỉ lệ.,Nhân cạnh nhỏ với k.,Kết luận.
Toán 9,geo_similarity,2,"Hai tam giác đồng dạng, tỉ số đồng dạng k = 5. Nếu cạnh tương ứng ở tam giác nhỏ là 4 thì cạnh ở tam giác lớn là",21,29,9,20,D,Cạnh tỉ lệ theo k: lớn = nhỏ·k.,Đồng dạng: các cạnh tương ứng tỉ lệ.,Nhân cạnh nhỏ với k.,Kết luận.
Toán 9,geo_similarity,2,"Hai tam giác đồng dạng, tỉ số đồng dạng k = 4. Nếu cạnh tương ứng ở tam giác nhỏ là 3 thì cạnh ở tam giác lớn là",19,13,12,7,C,Cạnh tỉ lệ theo k: lớn = nhỏ·k.,Đồng dạng: các cạnh tương ứng tỉ lệ.,Nhân cạnh nhỏ với k.,Kết luận.
Toán 9,geo_similarity,2,"Hai tam giác đồng dạng, tỉ số đồng dạng k = 5. Nếu cạnh tương ứng ở tam giác nhỏ là 4 thì cạnh ở tam giác lớn là",20,29,9,21,A,Cạnh tỉ lệ theo k: lớn = nhỏ·k.,Đồng dạng: các cạnh tương ứng tỉ lệ.,Nhân cạnh nhỏ với k.,Kết luận.
Toán 9,geo_similarity,2,"Hai tam giác đồng dạng, tỉ số đồng dạng k = 4. Nếu cạnh tương ứng ở tam giác nhỏ là 2 thì cạnh ở tam giác lớn là",18,6,8,9,C,Cạnh tỉ lệ theo k: lớn = nhỏ·k.,Đồng dạng: các cạnh tương ứng tỉ lệ.,Nhân cạnh nhỏ với k.,Kết luận.
Toán 9,geo_similarity,2,"Hai tam giác đồng dạng, tỉ số đồng dạng k = 5. Nếu cạnh tương ứng ở tam giác nhỏ là 6 thì cạnh ở tam giác lớn là",11,30,31,31,B,Cạnh tỉ lệ theo k: lớn = nhỏ·k.,Đồng dạng: các cạnh tương ứng tỉ lệ.,Nhân cạnh nhỏ với k.,Kết luận.
Toán 9,geo_similarity,2,"Hai tam giác đồng dạng, tỉ số đồng dạng k = 6. Nếu cạnh tương ứng ở tam giác nhỏ là 4 thì cạnh ở tam giác lớn là",24,40,10,25,A,Cạnh tỉ lệ theo k: lớn = nhỏ·k.,Đồng dạng: các cạnh tương ứng tỉ lệ.,Nhân cạnh nhỏ với k.,Kết luận.
Toán 9,geo_similarity,2,"Hai tam giác đồng dạng, tỉ số đồng dạng k = 2. Nếu cạnh tương ứng ở tam giác nhỏ là 6 thì cạnh ở tam giác lớn là",12,8,13,10,A,Cạnh tỉ lệ theo k: lớn = nhỏ·k.,Đồng dạng: các cạnh tương ứng tỉ lệ.,Nhân cạnh nhỏ với k.,Kết luận.
Toán 9,geo_similarity,3,"Hai tam giác đồng dạng, tỉ số đồng dạng k = 6. Nếu cạnh tương ứng ở tam giác nhỏ là 3 thì cạnh ở tam giác lớn là",18,9,19,39,A,Cạnh tỉ lệ theo k: lớn = nhỏ·k.,Đồng dạng: các cạnh tương ứng tỉ lệ.,Nhân cạnh nhỏ với k.,Kết luận.
Toán 9,geo_similarity,3,"Hai tam giác đồng dạng, tỉ số đồng dạng k = 4. Nếu cạnh tương ứng ở tam giác nhỏ là 4 thì cạnh ở tam giác lớn là",16,17,20,8,A,Cạnh tỉ lệ theo k: lớn = nhỏ·k.,Đồng dạng: các cạnh tương ứng tỉ lệ.,Nhân cạnh nhỏ với k.,Kết luận.
Toán 9,geo_similarity,3,"Hai tam giác đồng dạng, tỉ số đồng dạng k = 3. Nếu cạnh tương ứng ở tam giác nhỏ là 4 thì cạnh ở tam giác lớn là",13,13,7,12,D,Cạnh tỉ lệ theo k: lớn = nhỏ·k.,Đồng dạng: các cạnh tương ứng tỉ lệ.,Nhân cạnh nhỏ với k.,Kết luận.
Toán 9,geo_similarity,3,"Hai tam giác đồng dạng, tỉ số đồng dạng k = 6. Nếu cạnh tương ứng ở tam giác nhỏ là 2 thì cạnh ở tam giác lớn là",8,12,38,13,B,Cạnh tỉ lệ theo k: lớn = nhỏ·k.,Đồng dạng: các cạnh tương ứng tỉ lệ.,Nhân cạnh nhỏ với k.,Kết luận.
Toán 9,geo_similarity,3,"Hai tam giác đồng dạng, tỉ số đồng dạng k = 3. Nếu cạnh tương ứng ở tam giác nhỏ là 4 thì cạnh ở tam giác lớn là",13,12,13,7,B,Cạnh tỉ lệ theo k: lớn = nhỏ·k.,Đồng dạng: các cạnh tương ứng tỉ lệ.,Nhân cạnh nhỏ với k.,Kết luận.
Toán 9,geo_similarity,3,"Hai tam giác đồng dạng, tỉ số đồng dạng k = 2. Nếu cạnh tương ứng ở tam giác nhỏ là 8 thì cạnh ở tam giác lớn là",10,16,12,17,B,Cạnh tỉ lệ theo k: lớn = nhỏ·k.,Đồng dạng: các cạnh tương ứng tỉ lệ.,Nhân cạnh nhỏ với k.,Kết luận.
Toán 9,geo_circle_length_area,1,Chu vi đường tròn bán kính r=6 (lấy π≈3.14) gần đúng bằng,113.04,43.96,37.68,40.82,C,Chu vi C=2πr.,Nhớ công thức C=2πr.,Thay r vào.,Tính với π≈3.14.
Toán 9,geo_circle_length_area,1,Chu vi đường tròn bán kính r=9 (lấy π≈3.14) gần đúng bằng,56.52,62.80,59.66,254.34,A,Chu vi C=2πr.,Nhớ công thức C=2πr.,Thay r vào.,Tính với π≈3.14.
Toán 9,geo_circle_length_area,1,Chu vi đường tròn bán kính r=6 (lấy π≈3.14) gần đúng bằng,37.68,113.04,43.96,40.82,A,Chu vi C=2πr.,Nhớ công thức C=2πr.,Thay r vào.,Tính với π≈3.14.
Toán 9,geo_circle_length_area,1,Chu vi đường tròn bán kính r=5 (lấy π≈3.14) gần đúng bằng,37.68,31.40,34.54,78.50,B,Chu vi C=2πr.,Nhớ công thức C=2πr.,Thay r vào.,Tính với π≈3.14.
Toán 9,geo_circle_length_area,1,Chu vi đường tròn bán kính r=7 (lấy π≈3.14) gần đúng bằng,153.86,47.10,50.24,43.96,D,Chu vi C=2πr.,Nhớ công thức C=2πr.,Thay r vào.,Tính với π≈3.14.
Toán 9,geo_circle_length_area,1,Chu vi đường tròn bán kính r=4 (lấy π≈3.14) gần đúng bằng,28.26,25.12,50.24,31.40,B,Chu vi C=2πr.,Nhớ công thức C=2πr.,Thay r vào.,Tính với π≈3.14.
Toán 9,geo_circle_length_area,1,Chu vi đường tròn bán kính r=3 (lấy π≈3.14) gần đúng bằng,18.84,25.12,21.98,28.26,A,Chu vi C=2πr.,Nhớ công thức C=2πr.,Thay r vào.,Tính với π≈3.14.
Toán 9,geo_circle_length_area,2,Chu vi đường tròn bán kính r=8 (lấy π≈3.14) gần đúng bằng,53.38,56.52,200.96,50.24,D,Chu vi C=2πr.,Nhớ công thức C=2πr.,Thay r vào.,Tính với π≈3.14.
Toán 9,geo_circle_length_area,2,Chu vi đường tròn bán kính r=3 (lấy π≈3.14) gần đúng bằng,28.26,21.98,18.84,25.12,C,Chu vi C=2πr.,Nhớ công thức C=2πr.,Thay r vào.,Tính với π≈3.14.
Toán 9,geo_circle_length_area,2,Chu vi đường tròn bán kính r=3 (lấy π≈3.14) gần đúng bằng,28.26,21.98,18.84,25.12,C,Chu vi C=2πr.,Nhớ công thức C=2πr.,Thay r vào.,Tính với π≈3.14.
Toán 9,geo_circle_length_area,2,Chu vi đường tròn bán kính r=9 (lấy π≈3.14) gần đúng bằng,56.52,59.66,62.80,254.34,A,Chu vi C=2πr.,Nhớ công thức C=2πr.,Thay r vào.,Tính với π≈3.14.
Toán 9,geo_circle_length_area,2,Chu vi đường tròn bán kính r=2 (lấy π≈3.14) gần đúng bằng,18.84,12.56,15.70,12.56,B,Chu vi C=2πr.,Nhớ công thức C=2πr.,Thay r vào.,Tính với π≈3.14.
Toán 9,geo_circle_length_area,2,Chu vi đường tròn bán kính r=4 (lấy π≈3.14) gần đúng bằng,31.40,50.24,25.12,28.26,C,Chu vi C=2πr.,Nhớ công thức C=2πr.,Thay r vào.,Tính với π≈3.14.
Toán 9,geo_circle_length_area,2,Chu vi đường tròn bán kính r=3 (lấy π≈3.14) gần đúng bằng,25.12,28.26,21.98,18.84,D,Chu vi C=2πr.,Nhớ công thức C=2πr.,Thay r vào.,Tính với π≈3.14.
Toán 9,geo_circle_length_area,3,Chu vi đường tròn bán kính r=9 (lấy π≈3.14) gần đúng bằng,62.80,254.34,59.66,56.52,D,Chu vi C=2πr.,Nhớ công thức C=2πr.,Thay r vào.,Tính với π≈3.14.
Toán 9,geo_circle_length_area,3,Chu vi đường tròn bán kính r=2 (lấy π≈3.14) gần đúng bằng,15.70,12.56,18.84,12.56,B,Chu vi C=2πr.,Nhớ công thức C=2πr.,Thay r vào.,Tính với π≈3.14.
Toán 9,geo_circle_length_area,3,Chu vi đường tròn bán kính r=2 (lấy π≈3.14) gần đúng bằng,15.70,12.56,12.56,18.84,B,Chu vi C=2πr.,Nhớ công thức C=2πr.,Thay r vào.,Tính với π≈3.14.
Toán 9,geo_circle_length_area,3,Chu vi đường tròn bán kính r=3 (lấy π≈3.14) gần đúng bằng,28.26,21.98,18.84,25.12,C,Chu vi C=2πr.,Nhớ công thức C=2πr.,Thay r vào.,Tính với π≈3.14.
Toán 9,geo_circle_length_area,3,Chu vi đường tròn bán kính r=9 (lấy π≈3.14) gần đúng bằng,59.66,254.34,62.80,56.52,D,Chu vi C=2πr.,Nhớ công thức C=2πr.,Thay r vào.,Tính với π≈3.14.
Toán 9,geo_circle_length_area,3,Chu vi đường tròn bán kính r=6 (lấy π≈3.14) gần đúng bằng,43.96,40.82,113.04,37.68,D,Chu vi C=2πr.,Nhớ công thức C=2πr.,Thay r vào.,Tính với π≈3.14.
Toán 9,geo_circle_angles,1,"Trong đường tròn, góc nội tiếp chắn cùng cung với góc ở tâm 80° thì góc nội tiếp bằng",80°,30°,40°,50°,C,Góc nội tiếp bằng nửa góc ở tâm cùng chắn một cung.,Nhớ: nội tiếp = 1/2 ở tâm.,Lấy góc ở tâm chia 2.,Ghi kèm đơn vị độ.
Toán 9,geo_circle_angles,1,"Trong đường tròn, góc nội tiếp chắn cùng cung với góc ở tâm 120° thì góc nội tiếp bằng",60°,50°,70°,120°,A,Góc nội tiếp bằng nửa góc ở tâm cùng chắn một cung.,Nhớ: nội tiếp = 1/2 ở tâm.,Lấy góc ở tâm chia 2.,Ghi kèm đơn vị độ.
Toán 9,geo_circle_angles,1,"Trong đường tròn, góc nội tiếp chắn cùng cung với góc ở tâm 140° thì góc nội tiếp bằng",60°,80°,70°,140°,C,Góc nội tiếp bằng nửa góc ở tâm cùng chắn một cung.,Nhớ: nội tiếp = 1/2 ở tâm.,Lấy góc ở tâm chia 2.,Ghi kèm đơn vị độ.
Toán 9,geo_circle_angles,1,"Trong đường tròn, góc nội tiếp chắn cùng cung với góc ở tâm 140° thì góc nội tiếp bằng",80°,60°,140°,70°,D,Góc nội tiếp bằng nửa góc ở tâm cùng chắn một cung.,Nhớ: nội tiếp = 1/2 ở tâm.,Lấy góc ở tâm chia 2.,Ghi kèm đơn vị độ.
Toán 9,geo_circle_angles,1,"Trong đường tròn, góc nội tiếp chắn cùng cung với góc ở tâm 100° thì góc nội tiếp bằng",40°,60°,100°,50°,D,Góc nội tiếp bằng nửa góc ở tâm cùng chắn một cung.,Nhớ: nội tiếp = 1/2 ở tâm.,Lấy góc ở tâm chia 2.,Ghi kèm đơn vị độ.
Toán 9,geo_circle_angles,1,"Trong đường tròn, góc nội tiếp chắn cùng cung với góc ở tâm 140° thì góc nội tiếp bằng",140°,60°,70°,80°,C,Góc nội tiếp bằng nửa góc ở tâm cùng chắn một cung.,Nhớ: nội tiếp = 1/2 ở tâm.,Lấy góc ở tâm chia 2.,Ghi kèm đơn vị độ.
Toán 9,geo_circle_angles,1,"Trong đường tròn, góc nội tiếp chắn cùng cung với góc ở tâm 80° thì góc nội tiếp bằng",30°,40°,80°,50°,B,Góc nội tiếp bằng nửa góc ở tâm cùng chắn một cung.,Nhớ: nội tiếp = 1/2 ở tâm.,Lấy góc ở tâm chia 2.,Ghi kèm đơn vị độ.
Toán 9,geo_circle_angles,2,"Trong đường tròn, góc nội tiếp chắn cùng cung với góc ở tâm 140° thì góc nội tiếp bằng",70°,140°,80°,60°,A,Góc nội tiếp bằng nửa góc ở tâm cùng chắn một cung.,Nhớ: nội tiếp = 1/2 ở tâm.,Lấy góc ở tâm chia 2.,Ghi kèm đơn vị độ.
Toán 9,geo_circle_angles,2,"Trong đường tròn, góc nội tiếp chắn cùng cung với góc ở tâm 140° thì góc nội tiếp bằng",60°,140°,70°,80°,C,Góc nội tiếp bằng nửa góc ở tâm cùng chắn một cung.,Nhớ: nội tiếp = 1/2 ở tâm.,Lấy góc ở tâm chia 2.,Ghi kèm đơn vị độ.
Toán 9,geo_circle_angles,2,"Trong đường tròn, góc nội tiếp chắn cùng cung với góc ở tâm 120° thì góc nội tiếp bằng",50°,120°,60°,70°,C,Góc nội tiếp bằng nửa góc ở tâm cùng chắn một cung.,Nhớ: nội tiếp = 1/2 ở tâm.,Lấy góc ở tâm chia 2.,Ghi kèm đơn vị độ.
Toán 9,geo_circle_angles,2,"Trong đường tròn, góc nội tiếp chắn cùng cung với góc ở tâm 100° thì góc nội tiếp bằng",40°,50°,100°,60°,B,Góc nội tiếp bằng nửa góc ở tâm cùng chắn một cung.,Nhớ: nội tiếp = 1/2 ở tâm.,Lấy góc ở tâm chia 2.,Ghi kèm đơn vị độ.
Toán 9,geo_circle_angles,2,"Trong đường tròn, góc nội tiếp chắn cùng cung với góc ở tâm 120° thì góc nội tiếp bằng",60°,50°,120°,70°,A,Góc nội tiếp bằng nửa góc ở tâm cùng chắn một cung.,Nhớ: nội tiếp = 1/2 ở tâm.,Lấy góc ở tâm chia 2.,Ghi kèm đơn vị độ.
Toán 9,geo_circle_angles,2,"Trong đường tròn, góc nội tiếp chắn cùng cung với góc ở tâm 140° thì góc nội tiếp bằng",60°,70°,140°,80°,B,Góc nội tiếp bằng nửa góc ở tâm cùng chắn một cung.,Nhớ: nội tiếp = 1/2 ở tâm.,Lấy góc ở tâm chia 2.,Ghi kèm đơn vị độ.
Toán 9,geo_circle_angles,2,"Trong đường tròn, góc nội tiếp chắn cùng cung với góc ở tâm 120° thì góc nội tiếp bằng",70°,60°,120°,50°,B,Góc nội tiếp bằng nửa góc ở tâm cùng chắn một cung.,Nhớ: nội tiếp = 1/2 ở tâm.,Lấy góc ở tâm chia 2.,Ghi kèm đơn vị độ.
Toán 9,geo_circle_angles,3,"Trong đường tròn, góc nội tiếp chắn cùng cung với góc ở tâm 140° thì góc nội tiếp bằng",140°,70°,60°,80°,B,Góc nội tiếp bằng nửa góc ở tâm cùng chắn một cung.,Nhớ: nội tiếp = 1/2 ở tâm.,Lấy góc ở tâm chia 2.,Ghi kèm đơn vị độ.
Toán 9,geo_circle_angles,3,"Trong đường tròn, góc nội tiếp chắn cùng cung với góc ở tâm 100° thì góc nội tiếp bằng",100°,60°,50°,40°,C,Góc nội tiếp bằng nửa góc ở tâm cùng chắn một cung.,Nhớ: nội tiếp = 1/2 ở tâm.,Lấy góc ở tâm chia 2.,Ghi kèm đơn vị độ.
Toán 9,geo_circle_angles,3,"Trong đường tròn, góc nội tiếp chắn cùng cung với góc ở tâm 120° thì góc nội tiếp bằng",50°,60°,120°,70°,B,Góc nội tiếp bằng nửa góc ở tâm cùng chắn một cung.,Nhớ: nội tiếp = 1/2 ở tâm.,Lấy góc ở tâm chia 2.,Ghi kèm đơn vị độ.
Toán 9,geo_circle_angles,3,"Trong đường tròn, góc nội tiếp chắn cùng cung với góc ở tâm 140° thì góc nội tiếp bằng",70°,60°,140°,80°,A,Góc nội tiếp bằng nửa góc ở tâm cùng chắn một cung.,Nhớ: nội tiếp = 1/2 ở tâm.,Lấy góc ở tâm chia 2.,Ghi kèm đơn vị độ.
Toán 9,geo_circle_angles,3,"Trong đường tròn, góc nội tiếp chắn cùng cung với góc ở tâm 100° thì góc nội tiếp bằng",50°,40°,100°,60°,A,Góc nội tiếp bằng nửa góc ở tâm cùng chắn một cung.,Nhớ: nội tiếp = 1/2 ở tâm.,Lấy góc ở tâm chia 2.,Ghi kèm đơn vị độ.
Toán 9,geo_circle_angles,3,"Trong đường tròn, góc nội tiếp chắn cùng cung với góc ở tâm 100° thì góc nội tiếp bằng",100°,60°,40°,50°,D,Góc nội tiếp bằng nửa góc ở tâm cùng chắn một cung.,Nhớ: nội tiếp = 1/2 ở tâm.,Lấy góc ở tâm chia 2.,Ghi kèm đơn vị độ.
Toán 9,geo_circle_tangent,1,Tiếp tuyến của đường tròn tại A vuông góc với,Dây AB,Bán kính OA,Đường kính bất kỳ,Cung AB,B,Tiếp tuyến tại A vuông góc với bán kính đi qua A.,Nhớ tính chất tiếp tuyến.,Tiếp tuyến ⟂ bán kính tại tiếp điểm.,Chọn OA.
Toán 9,geo_circle_tangent,1,Tiếp tuyến của đường tròn tại A vuông góc với,Bán kính OA,Dây AB,Cung AB,Đường kính bất kỳ,A,Tiếp tuyến tại A vuông góc với bán kính đi qua A.,Nhớ tính chất tiếp tuyến.,Tiếp tuyến ⟂ bán kính tại tiếp điểm.,Chọn OA.
Toán 9,geo_circle_tangent,1,Tiếp tuyến của đường tròn tại A vuông góc với,Bán kính OA,Dây AB,Cung AB,Đường kính bất kỳ,A,Tiếp tuyến tại A vuông góc với bán kính đi qua A.,Nhớ tính chất tiếp tuyến.,Tiếp tuyến ⟂ bán kính tại tiếp điểm.,Chọn OA.
Toán 9,geo_circle_tangent,1,Tiếp tuyến của đường tròn tại A vuông góc với,Đường kính bất kỳ,Cung AB,Bán kính OA,Dây AB,C,Tiếp tuyến tại A vuông góc với bán kính đi qua A.,Nhớ tính chất tiếp tuyến.,Tiếp tuyến ⟂ bán kính tại tiếp điểm.,Chọn OA.
Toán 9,geo_circle_tangent,1,Tiếp tuyến của đường tròn tại A vuông góc với,Đường kính bất kỳ,Dây AB,Bán kính OA,Cung AB,C,Tiếp tuyến tại A vuông góc với bán kính đi qua A.,Nhớ tính chất tiếp tuyến.,Tiếp tuyến ⟂ bán kính tại tiếp điểm.,Chọn OA.
Toán 9,geo_circle_tangent,1,Tiếp tuyến của đường tròn tại A vuông góc với,Cung AB,Dây AB,Đường kính bất kỳ,Bán kính OA,D,Tiếp tuyến tại A vuông góc với bán kính đi qua A.,Nhớ tính chất tiếp tuyến.,Tiếp tuyến ⟂ bán kính tại tiếp điểm.,Chọn OA.
Toán 9,geo_circle_tangent,1,Tiếp tuyến của đường tròn tại A vuông góc với,Cung AB,Bán kính OA,Đường kính bất kỳ,Dây AB,B,Tiếp tuyến tại A vuông góc với bán kính đi qua A.,Nhớ tính chất tiếp tuyến.,Tiếp tuyến ⟂ bán kính tại tiếp điểm.,Chọn OA.
Toán 9,geo_circle_tangent,2,Tiếp tuyến của đường tròn tại A vuông góc với,Cung AB,Đường kính bất kỳ,Bán kính OA,Dây AB,C,Tiếp tuyến tại A vuông góc với bán kính đi qua A.,Nhớ tính chất tiếp tuyến.,Tiếp tuyến ⟂ bán kính tại tiếp điểm.,Chọn OA.
Toán 9,geo_circle_tangent,2,Tiếp tuyến của đường tròn tại A vuông góc với,Đường kính bất kỳ,Bán kính OA,Cung AB,Dây AB,B,Tiếp tuyến tại A vuông góc với bán kính đi qua A.,Nhớ tính chất tiếp tuyến.,Tiếp tuyến ⟂ bán kính tại tiếp điểm.,Chọn OA.
Toán 9,geo_circle_tangent,2,Tiếp tuyến của đường tròn tại A vuông góc với,Cung AB,Bán kính OA,Dây AB,Đường kính bất kỳ,B,Tiếp tuyến tại A vuông góc với bán kính đi qua A.,Nhớ tính chất tiếp tuyến.,Tiếp tuyến ⟂ bán kính tại tiếp điểm.,Chọn OA.
Toán 9,geo_circle_tangent,2,Tiếp tuyến của đường tròn tại A vuông góc với,Đường kính bất kỳ,Dây AB,Cung AB,Bán kính OA,D,Tiếp tuyến tại A vuông góc với bán kính đi qua A.,Nhớ tính chất tiếp tuyến.,Tiếp tuyến ⟂ bán kính tại tiếp điểm.,Chọn OA.
Toán 9,geo_circle_tangent,2,Tiếp tuyến của đường tròn tại A vuông góc với,Bán kính OA,Dây AB,Đường kính bất kỳ,Cung AB,A,Tiếp tuyến tại A vuông góc với bán kính đi qua A.,Nhớ tính chất tiếp tuyến.,Tiếp tuyến ⟂ bán kính tại tiếp điểm.,Chọn OA.
Toán 9,geo_circle_tangent,2,Tiếp tuyến của đường tròn tại A vuông góc với,Đường kính bất kỳ,Dây AB,Cung AB,Bán kính OA,D,Tiếp tuyến tại A vuông góc với bán kính đi qua A.,Nhớ tính chất tiếp tuyến.,Tiếp tuyến ⟂ bán kính tại tiếp điểm.,Chọn OA.
Toán 9,geo_circle_tangent,2,Tiếp tuyến của đường tròn tại A vuông góc với,Bán kính OA,Đường kính bất kỳ,Dây AB,Cung AB,A,Tiếp tuyến tại A vuông góc với bán kính đi qua A.,Nhớ tính chất tiếp tuyến.,Tiếp tuyến ⟂ bán kính tại tiếp điểm.,Chọn OA.
Toán 9,geo_circle_tangent,3,Tiếp tuyến của đường tròn tại A vuông góc với,Đường kính bất kỳ,Cung AB,Bán kính OA,Dây AB,C,Tiếp tuyến tại A vuông góc với bán kính đi qua A.,Nhớ tính chất tiếp tuyến.,Tiếp tuyến ⟂ bán kính tại tiếp điểm.,Chọn OA.
Toán 9,geo_circle_tangent,3,Tiếp tuyến của đường tròn tại A vuông góc với,Dây AB,Đường kính bất kỳ,Cung AB,Bán kính OA,D,Tiếp tuyến tại A vuông góc với bán kính đi qua A.,Nhớ tính chất tiếp tuyến.,Tiếp tuyến ⟂ bán kính tại tiếp điểm.,Chọn OA.
Toán 9,geo_circle_tangent,3,Tiếp tuyến của đường tròn tại A vuông góc với,Đường kính bất kỳ,Bán kính OA,Cung AB,Dây AB,B,Tiếp tuyến tại A vuông góc với bán kính đi qua A.,Nhớ tính chất tiếp tuyến.,Tiếp tuyến ⟂ bán kính tại tiếp điểm.,Chọn OA.
Toán 9,geo_circle_tangent,3,Tiếp tuyến của đường tròn tại A vuông góc với,Cung AB,Dây AB,Bán kính OA,Đường kính bất kỳ,C,Tiếp tuyến tại A vuông góc với bán kính đi qua A.,Nhớ tính chất tiếp tuyến.,Tiếp tuyến ⟂ bán kính tại tiếp điểm.,Chọn OA.
Toán 9,geo_circle_tangent,3,Tiếp tuyến của đường tròn tại A vuông góc với,Cung AB,Dây AB,Bán kính OA,Đường kính bất kỳ,C,Tiếp tuyến tại A vuông góc với bán kính đi qua A.,Nhớ tính chất tiếp tuyến.,Tiếp tuyến ⟂ bán kính tại tiếp điểm.,Chọn OA.
Toán 9,geo_circle_tangent,3,Tiếp tuyến của đường tròn tại A vuông góc với,Dây AB,Cung AB,Đường kính bất kỳ,Bán kính OA,D,Tiếp tuyến tại A vuông góc với bán kính đi qua A.,Nhớ tính chất tiếp tuyến.,Tiếp tuyến ⟂ bán kính tại tiếp điểm.,Chọn OA.
Toán 9,geo_coordinate,1,"Trung điểm M của đoạn thẳng nối A(-2,-2) và B(1,-4) có tọa độ","(-2,-4)","(1,-2)","(-1,-6)","(-0.5,-3.0)",D,"M((x1+x2)/2,(y1+y2)/2).",Nhớ công thức trung điểm.,Cộng tọa độ rồi chia 2.,"Viết theo dạng (x,y)."
Toán 9,geo_coordinate,1,"Trung điểm M của đoạn thẳng nối A(0,-1) và B(2,-4) có tọa độ","(1.0,-2.5)","(0,-4)","(2,-1)","(2,-5)",A,"M((x1+x2)/2,(y1+y2)/2).",Nhớ công thức trung điểm.,Cộng tọa độ rồi chia 2.,"Viết theo dạng (x,y)."
Toán 9,geo_coordinate,1,"Trung điểm M của đoạn thẳng nối A(0,3) và B(-1,2) có tọa độ","(-1,5)","(-0.5,2.5)","(0,2)","(-1,3)",B,"M((x1+x2)/2,(y1+y2)/2).",Nhớ công thức trung điểm.,Cộng tọa độ rồi chia 2.,"Viết theo dạng (x,y)."
Toán 9,geo_coordinate,1,"Trung điểm M của đoạn thẳng nối A(-2,3) và B(2,3) có tọa độ","(2,3)","(-2,3)","(0.0,3.0)","(0,6)",C,"M((x1+x2)/2,(y1+y2)/2).",Nhớ công thức trung điểm.,Cộng tọa độ rồi chia 2.,"Viết theo dạng (x,y)."
Toán 9,geo_coordinate,1,"Trung điểm M của đoạn thẳng nối A(1,1) và B(1,2) có tọa độ","(1,1)","(1.0,1.5)","(2,3)","(1,2)",B,"M((x1+x2)/2,(y1+y2)/2).",Nhớ công thức trung điểm.,Cộng tọa độ rồi chia 2.,"Viết theo dạng (x,y)."
Toán 9,geo_coordinate,1,"Trung điểm M của đoạn thẳng nối A(3,-3) và B(0,3) có tọa độ","(3,0)","(0,-3)","(1.5,0.0)","(3,3)",C,"M((x1+x2)/2,(y1+y2)/2).",Nhớ công thức trung điểm.,Cộng tọa độ rồi chia 2.,"Viết theo dạng (x,y)."
Toán 9,geo_coordinate,1,"Trung điểm M của đoạn thẳng nối A(2,2) và B(-1,-2) có tọa độ","(0.5,0.0)","(2,-2)","(1,0)","(-1,2)",A,"M((x1+x2)/2,(y1+y2)/2).",Nhớ công thức trung điểm.,Cộng tọa độ rồi chia 2.,"Viết theo dạng (x,y)."
Toán 9,geo_coordinate,2,"Trung điểm M của đoạn thẳng nối A(-2,3) và B(4,3) có tọa độ","(1.0,3.0)","(4,3)","(-2,3)","(2,6)",A,"M((x1+x2)/2,(y1+y2)/2).",Nhớ công thức trung điểm.,Cộng tọa độ rồi chia 2.,"Viết theo dạng (x,y)."
Toán 9,geo_coordinate,2,"Trung điểm M của đoạn thẳng nối A(2,4) và B(3,-1) có tọa độ","(2.5,1.5)","(5,3)","(3,4)","(2,-1)",A,"M((x1+x2)/2,(y1+y2)/2).",Nhớ công thức trung điểm.,Cộng tọa độ rồi chia 2.,"Viết theo dạng (x,y)."
Toán 9,geo_coordinate,2,"Trung điểm M của đoạn thẳng nối A(0,3) và B(3,0) có tọa độ","(3,3)","(0,0)","(3,3)","(1.5,1.5)",D,"M((x1+x2)/2,(y1+y2)/2).",Nhớ công thức trung điểm.,Cộng tọa độ rồi chia 2.,"Viết theo dạng (x,y)."
Toán 9,geo_coordinate,2,"Trung điểm M của đoạn thẳng nối A(0,1) và B(2,1) có tọa độ","(2,1)","(2,2)","(0,1)","(1.0,1.0)",D,"M((x1+x2)/2,(y1+y2)/2).",Nhớ công thức trung điểm.,Cộng tọa độ rồi chia 2.,"Viết theo dạng (x,y)."
Toán 9,geo_coordinate,2,"Trung điểm M của đoạn thẳng nối A(-1,1) và B(4,0) có tọa độ","(3,1)","(4,1)","(-1,0)","(1.5,0.5)",D,"M((x1+x2)/2,(y1+y2)/2).",Nhớ công thức trung điểm.,Cộng tọa độ rồi chia 2.,"Viết theo dạng (x,y)."
Toán 9,geo_coordinate,2,"Trung điểm M của đoạn thẳng nối A(0,-3) và B(-2,-3) có tọa độ","(-1.0,-3.0)","(-2,-3)","(0,-3)","(-2,-6)",A,"M((x1+x2)/2,(y1+y2)/2).",Nhớ công thức trung điểm.,Cộng tọa độ rồi chia 2.,"Viết theo dạng (x,y)."
Toán 9,geo_coordinate,2,"Trung điểm M của đoạn thẳng nối A(1,-2) và B(-1,4) có tọa độ","(1,4)","(0.0,1.0)","(-1,-2)","(0,2)",B,"M((x1+x2)/2,(y1+y2)/2).",Nhớ công thức trung điểm.,Cộng tọa độ rồi chia 2.,"Viết theo dạng (x,y)."
Toán 9,geo_coordinate,3,"Trung điểm M của đoạn thẳng nối A(-2,1) và B(3,4) có tọa độ","(-2,4)","(3,1)","(0.5,2.5)","(1,5)",C,"M((x1+x2)/2,(y1+y2)/2).",Nhớ công thức trung điểm.,Cộng tọa độ rồi chia 2.,"Viết theo dạng (x,y)."
Toán 9,geo_coordinate,3,"Trung điểm M của đoạn thẳng nối A(1,-2) và B(2,0) có tọa độ","(1.5,-1.0)","(1,0)","(3,-2)","(2,-2)",A,"M((x1+x2)/2,(y1+y2)/2).",Nhớ công thức trung điểm.,Cộng tọa độ rồi chia 2.,"Viết theo dạng (x,y)."
Toán 9,geo_coordinate,3,"Trung điểm M của đoạn thẳng nối A(0,3) và B(-4,1) có tọa độ","(0,1)","(-2.0,2.0)","(-4,4)","(-4,3)",B,"M((x1+x2)/2,(y1+y2)/2).",Nhớ công thức trung điểm.,Cộng tọa độ rồi chia 2.,"Viết theo dạng (x,y)."
Toán 9,geo_coordinate,3,"Trung điểm M của đoạn thẳng nối A(0,-4) và B(3,0) có tọa độ","(3,-4)","(1.5,-2.0)","(3,-4)","(0,0)",B,"M((x1+x2)/2,(y1+y2)/2).",Nhớ công thức trung điểm.,Cộng tọa độ rồi chia 2.,"Viết theo dạng (x,y)."
Toán 9,geo_coordinate,3,"Trung điểm M của đoạn thẳng nối A(-2,4) và B(2,-2) có tọa độ","(0,2)","(2,4)","(0.0,1.0)","(-2,-2)",C,"M((x1+x2)/2,(y1+y2)/2).",Nhớ công thức trung điểm.,Cộng tọa độ rồi chia 2.,"Viết theo dạng (x,y)."
Toán 9,geo_coordinate,3,"Trung điểm M của đoạn thẳng nối A(3,1) và B(2,-2) có tọa độ","(3,-2)","(2.5,-0.5)","(2,1)","(5,-1)",B,"M((x1+x2)/2,(y1+y2)/2).",Nhớ công thức trung điểm.,Cộng tọa độ rồi chia 2.,"Viết theo dạng (x,y)."
